o,y,m,lx_kh,lx_th,cld_kh,cld_th,pt_kh,pt_th,dt_kh,dt_th,ln_th,ngay_lv,scc_dt,ds_dt,dvgt_dt,dvgt_b1053,dong_dt,son_cld,dt_lsc,bh_lsc,ds_lsc,dt_son,son_dt,gv_son,cvdv,scc_n,b_n,p_n,hs_cvdv_m,hs_scc_m,hs_b_m,hs_p_m,lx_nt,dt_nt,cld_nt,pt_nt,csi_n,csi_kg,csi_td,csi_cvdv,csi_tt,csi_clsc,csi_grx,csi_ov
HNB,2020,1,0,290,0,245.603,0,57.653,0,303.256,245.603,26,2,70.834,10.03,10.03,20.956,141.784,1012.046,295.651,162.739,141.784,141.784,6.044,1,4,1,4,1012,20.9,21,35.4,0,0,0,0,0,,,,,,,
HNB,2020,2,0,273,0,215.715,0,54.407,0,270.122,215.115,26,0.8,62.679,5.743,5.743,18.905,127.588,936.38,343.617,146.493,127.588,127.588,7.702,1,4,1,5,936.4,17.1,18.9,25.5,0,0,0,0,0,,,,,,,
HNB,2020,3,0,271,0,292.271,0,121.263,0,413.534,289.621,26,2.4,81.75,15.7,15.7,25.256,167.164,1626.053,299.857,192.421,167.164,167.164,7.873,1,4,1,5,1626.1,24.4,25.3,33.4,0,0,0,0,0,,,,,,,
HNB,2020,4,0,199,0,177.875,0,38.47,0,216.345,177.675,26,0.27,50.199,5.8,5.8,11.428,110.177,753.417,181.037,121.606,110.177,110.177,5.099,1,4,1,5,753.4,14,11.4,22,0,0,0,0,0,,,,,,,
HNB,2020,5,0,302,0,336.46,0,200.939,0,537.399,332.66,26,2.35,102.71,7.2,7.2,35.99,188.21,1551.817,522.082,224.2,188.21,188.21,8.349,1,4,1,5,1551.8,24.9,36,37.6,0,0,0,0,0,,,,,,,
HNB,2020,6,0,374,0,363.613,0,165.583,0,529.196,362.463,26,6.6,138.064,17.65,17.65,28.364,172.936,1855.296,418.612,201.3,172.936,172.936,9.214,1,4,1,5,1855.3,38.7,28.4,34.6,0,0,0,0,0,,,,,,,
HNB,2020,7,0,342,0,432.955,0,160.663,0,593.618,425.935,26,3.715,107.793,28.389,28.389,49.961,243.098,1593.422,567.272,293.058,243.098,243.098,10.686,1,4,1,5,1593.4,34,50,48.6,0,0,0,0,0,,,,,,,
HNB,2020,8,0,319,0,414.416,0,207.278,0,621.694,410.916,26,4.828,109.278,25.028,25.028,64.484,210.798,1578.893,430.702,275.282,210.798,210.798,8.052,1,4,1,5,1578.9,33.6,64.5,42.2,0,0,0,0,0,,,,,,,
HNB,2020,9,0,333,0,327.275,0,171.538,0,498.813,325.955,26,1.25,96.994,31.844,31.844,29.094,168.093,1351.13,277.056,197.187,168.093,168.093,9.604,1,4,2,5,1351.1,32.2,14.5,33.6,0,0,0,0,0,,,,,,,
HNB,2020,10,0,324,0,434.547,0,295.994,0,730.541,430.647,26,3.672,98.507,16.82,16.82,65.487,250.062,1633.227,754.002,315.549,250.062,250.062,12.775,1,4,2,5,1633.2,28.8,32.7,50,0,0,0,0,0,,,,,,,
HNB,2020,11,0,370,0,414.909,0,832.914,0,1295.301,175.019,26,11.25,121.499,32.77,32.77,51.607,245.261,1432.444,148.756,296.868,245.261,245.261,14.284,1,4,2,5,1432.4,28.2,25.8,49.1,0,0,0,0,0,,,,,,,
HNB,2020,12,0,409,0,546.325,0,896.207,0,1503.197,293.14,26,10.77,177.119,33.759,33.759,67.704,317.638,1542.111,481.82,385.342,317.638,317.638,13.797,1,4,2,5,1542.1,30.6,33.9,63.5,0,0,0,0,0,,,,,,,
HNB,2021,1,460,414,405.041,468.886,668.788,797.986,1107.093,1311.565,210.494,26,2.821,121.279,29.5,29.5,56.081,303.897,1311.564,246.532,359.978,303.897,303.897,12.803,1,4,2,5,1311.6,29,28,60.8,0,0,0,0,0,,,,,,,
HNB,2021,2,360,294,316.989,270.203,523.399,424.046,866.42,754.555,60.575,26,4.531,76.302,14.558,14.558,49.973,185.146,754.556,278.129,235.118,185.146,185.146,10.73,1,4,2,5,754.6,16.7,25,37,0,0,0,0,0,,,,,,,
HNB,2021,3,452,413,397.997,422.926,657.157,563.367,1087.839,1016.775,186.902,26,8.945,133.529,18.689,18.689,41.826,250.419,1016.375,202.701,291.844,250.019,250.019,12.623,1,4,2,5,1016.4,23.8,20.9,50,0,0,0,0,0,,,,,,,
HNB,2021,4,471,396,414.727,436.002,684.78,801.024,1133.566,1271.384,207.206,26,6.355,149.581,39.8,39.8,57.112,217.512,1270.984,275.649,274.224,217.112,217.112,10.165,1,4,2,5,1271,34.4,28.6,43.4,0,0,0,0,0,,,,,,,
HNB,2021,5,488,394,429.696,439.801,709.496,742.164,1174.481,1237.2,174.201,26,6.835,121.584,42.507,42.507,51.391,272.719,1237,183.665,323.91,272.519,272.519,13.872,1,4,2,5,1237,32.4,25.7,54.5,0,0,0,0,0,,,,,,,
HNB,2021,6,495,362,435.859,416.643,719.674,630.031,1191.328,1062.318,186.572,26,5.161,93.465,52.959,52.959,46.767,233.935,1062.318,192.614,280.699,233.935,233.935,12.009,1,4,2,5,1062.3,32.5,23.4,46.8,0,0,0,0,0,,,,,,,
HNB,2021,7,510,367,449.067,505.314,741.482,824.918,1227.429,1333.3,254.885,26,10.21,111.004,42.747,42.747,70.948,273.472,1333.299,388.491,344.42,273.472,273.472,13.248,1,4,2,5,1333.3,29.1,35.5,54.7,0,0,0,0,0,,,,,,,
HNB,2021,8,499,259,439.381,305.769,725.489,761.848,1200.955,1088.809,103.171,26,4.815,78.47,47.62,47.62,34.145,161.91,1091.101,231.498,198.01,163.315,163.315,10.348,1,4,2,5,1091.1,27.9,17.3,32.7,0,0,0,0,0,,,,,,,
HNB,2021,9,530,271,466.678,361.227,770.56,692.534,1275.564,1074.083,138.45,26,9.611,114.909,42.04,42.04,42.061,172.929,1074.083,143.507,214.989,172.929,172.929,10.967,1,4,2,5,1074.1,26,21,34.6,0,0,0,0,0,,,,,,,
HNB,2021,10,537,326,472.841,450.135,780.737,823.193,1292.411,1305.859,202.786,26,8.059,130.35,50.1,50.1,64.991,229.167,1315.706,414.729,295.355,229.937,229.937,44.22,1,4,3,5,1315.7,34.5,21.8,46,0,0,0,0,0,,,,,,,
HNB,2021,11,545,426,479.885,488.13,792.368,813.639,1311.664,1347.751,224.003,26,7.35,167.794,44.78,44.78,56.964,257.223,1347.751,474.52,314.187,257.223,257.223,64.315,1,4,3,5,1347.8,31.6,19,51.4,0,0,0,0,0,,,,,,,
HNB,2021,12,553,498,486.93,690.135,803.999,835.721,1330.918,1563.46,413.936,26,14.435,236.02,38.98,38.98,92.327,345.976,1563.46,447.454,439.055,345.976,345.976,103.571,1,4,3,5,1563.5,34.6,31,69.2,0,0,0,0,0,,,,,,,
HNB,2022,1,440,555,447.722,602.26,748.047,887.346,1232.078,1529.571,315.615,26,7.379,228.337,28.36,28.36,66.362,311.787,1529.571,349.851,378.149,311.787,311.787,124.117,2,5,3,5,764.8,27.3,22.1,62.4,0,0,0,0,0,,,,,,,
HNB,2022,2,320,387,325.616,343.981,544.034,595.709,896.056,958.347,114.142,26,7.585,136.836,23.66,23.66,40.213,154.345,958.346,146.154,194.557,154.345,154.345,63.427,2,5,3,5,479.2,20,13.4,30.9,0,0,0,0,0,,,,,,,
HNB,2022,3,458,411,466.038,486.589,778.649,782.392,1282.481,1316.55,235.974,26,15.23,188.04,32.24,32.24,55.789,242.859,1316.55,462.236,298.648,242.859,242.859,85.453,2,6,3,4,658.3,18.4,18.6,60.7,0,0,0,0,0,,,,,,,
HNB,2022,4,445,455,452.81,501.607,756.548,924.374,1246.079,1442.301,267.634,26,6.59,200.786,63.03,63.03,50.591,196.93,1442.301,150.486,247.521,196.93,196.93,86.779,2,6,3,4,721.2,26,16.9,49.2,0,0,0,0,0,,,,,,,
HNB,2022,5,465,494,473.161,565.385,790.55,858.548,1302.082,1456.499,236.932,26,5.85,220.535,44.36,44.36,61.65,265.557,1456.499,453.861,327.206,265.557,265.557,135.638,2,6,3,5,728.2,21.8,20.5,53.1,0,0,0,0,0,,,,,,,
HNB,2022,6,472,444,480.283,590.058,802.451,880.933,1321.684,1489.495,283.044,26,19.783,118.439,64.53,64.53,77.815,327.995,1489.494,380.723,405.81,327.995,327.995,137.412,2,6,3,5,744.7,26,25.9,65.6,0,0,0,0,0,,,,,,,
HNB,2022,7,483,416,491.477,476.277,821.152,879.989,1352.486,1412.477,162.851,26,14.375,122.77,47.256,47.256,56.8,291.288,1412.477,491.726,348.087,291.288,291.288,158.78,2,6,3,6,706.2,25.2,18.9,48.5,0,0,0,0,0,,,,,,,
HNB,2022,8,470,406,478.248,441.233,799.051,1020.699,1316.084,1501.545,142.944,26,16.07,116.676,48.38,48.38,55.094,244.626,1501.544,552.131,299.72,244.626,244.626,128.869,2,6,3,6,750.8,22.5,18.4,40.8,0,0,0,0,0,,,,,,,
HNB,2022,9,473,346,481.301,391.911,804.151,642.593,1324.484,1058.568,123.841,26,5.605,117.691,17.76,17.76,51.271,223.649,1059.797,292.741,274.92,223.649,223.649,113.015,2,6,3,6,529.9,14.4,17.1,37.3,0,0,0,0,0,,,,,,,
HNB,2022,10,428,427,435.511,493.609,727.646,811.595,1198.476,1328.733,210.359,26,13.535,123.897,45.96,45.96,64.844,268.902,1328.732,331.887,333.746,268.902,268.902,116.727,3,6,3,5,442.9,22.7,21.6,53.8,0,0,0,0,0,,,,,,,
HNB,2022,11,430,357,437.546,439.78,731.046,768.231,1204.076,1245.355,173.255,26,15.615,110.532,50.36,50.36,62.738,237.879,1245.131,491.967,300.617,237.879,237.879,99.729,3,7,3,7,415,17.6,20.9,34,0,0,0,0,0,,,,,,,
HNB,2022,12,433,481,440.599,599.344,736.147,993.349,1212.477,1635.926,272.531,26,12.165,180.582,61.61,61.61,63.686,324.534,1635.926,321.538,388.22,324.534,324.534,133.43,3,7,3,7,545.3,23.6,21.2,46.4,0,0,0,0,0,,,,,,,
HNB,2023,1,316,399,358.674,407.118,641.743,701.607,1024.25,1131.591,140.305,26,11.03,108.779,55.76,55.76,32.235,222.18,1132.747,282.041,254.415,222.18,222.18,94.832,3,7,3,7,377.6,19.7,10.7,31.7,0,0,0,0,0,,,,,,,
HNB,2023,2,410,371,465.369,419.576,795.692,865.809,1291.983,1314.656,154.296,26,9.735,124.35,43.85,43.85,53.557,217.355,1314.755,377.311,270.912,217.355,217.355,96.632,3,7,3,7,438.3,18.6,17.9,31.1,0,0,0,0,0,,,,,,,
HNB,2023,3,451,336,511.906,339.336,856.234,1110.382,1402.154,1506.977,84.764,26,13.381,116.632,31.33,31.33,58.036,177.216,1506.977,692.402,235.252,177.216,177.216,80.53,3,7,3,6,502.3,17.3,19.3,29.5,0,0,0,0,0,,,,,,,
HNB,2023,4,424,339,481.259,302.752,804.341,1076.788,1317.579,1440.573,75.377,26,10.685,154.69,41.98,41.98,41.485,114.945,1439.521,679.919,156.43,114.945,114.945,58.688,3,7,3,6,479.8,21,13.8,19.2,0,0,0,0,0,,,,,,,
HNB,2023,5,443.9876,390,503.689,426.297,847.585,940.364,1385.032,1423.27,162.15,26,17.325,165.31,78.65,78.65,56.691,164.93,1423.27,401.422,221.621,164.93,164.93,67.156,3,7,3,5,474.4,28.3,18.9,33,0,0,0,0,0,,,,,,,
HNB,2023,6,427.4878,373,484.971,417.309,913.518,802.819,1430.992,1263.659,161.951,26,12.632,153.244,78.65,78.65,48.179,168.135,1263.659,452.492,216.314,168.135,168.135,71.075,3,7,3,4,421.2,27.1,16.1,42,0,0,0,0,0,,,,,,,
HNB,2023,7,347.1886,322,378.197,354.378,674.004,592.401,1078.599,969.107,104.327,26,8.44,119.909,59.36,59.36,32.154,156.843,969.107,253.347,188.998,156.843,156.843,72.395,3,7,3,5,323,20.1,10.7,31.4,0,0,0,0,0,,,,,,,
HNB,2023,8,382,336,433.828,404.547,817.127,684.915,1280,1105.301,144.829,26,6.43,118.285,90.09,90.09,47.691,157.891,1105.301,130.442,205.582,157.891,157.891,63.315,3,7,3,5,368.4,27.3,15.9,31.6,0,0,0,0,0,,,,,,,
HNB,2023,9,435.5876,346,428.687,391.269,838.194,572.18,1300,976.081,142.362,26,3.925,142,68.22,68.22,32.653,157.103,976.105,204.807,189.756,157.103,157.103,65.889,3,7,3,5,325.4,22.6,10.9,31.4,0,0,0,0,0,,,,,,,
HNB,2023,10,440.0875,356,442.838,396.378,996.869,1131.161,1473.168,1595.451,120.201,26,21.69,154.536,72.4,72.4,45.084,170.58,1595.452,668.554,270.167,170.58,170.58,70.685,3,7,2,5,531.8,26,22.5,34.1,0,0,0,0,0,,,,,,,
HNB,2023,11,454,343,481.722,401.906,1002.116,819.038,1518.358,1246.477,147.687,26,7.775,153.599,61.24,61.24,53.895,150.93,1246.418,143.438,458.887,150.93,150.93,65.797,3,7,2,5,415.5,23.7,26.9,30.2,0,0,0,0,0,,,,,,,
HNB,2023,12,430,475,443.306,510.103,924,724.285,1400,1252.479,227.371,26,10.615,230.534,92.97,92.97,33.434,160.641,1253.728,202.241,325.917,160.641,160.641,60.604,3,7,2,5,417.9,31.5,16.7,32.1,0,0,0,0,0,,,,,,,
HNB,2024,1,423,460,430.43,540.112,817.445,774.826,1289.779,1323.956,255.197,26,10.73,172.787,116.36,116.36,50.071,199.182,1323.957,193.164,403.296,199.182,199.182,58.904,3,7,2,4,441.3,35.9,25,49.8,0,0,0,0,0,,,,,,,
HNB,2024,2,323,355,339.567,363.886,606.075,597.167,978.7,973.26,135.983,26,7.98,125.347,81.9,81.9,43.407,117.459,973.26,155.539,268.273,117.459,117.459,43.859,3,7,2,4,324.4,26,21.7,29.4,0,0,0,0,0,,,,,,,
HNB,2024,3,438,438,434.82,524.665,857.01,956.99,1334.162,1518.567,224.647,26,6.105,211.018,122.66,122.66,51.847,169.947,1518.567,430.477,478.063,169.947,169.947,57.467,3,7,2,4,506.2,36.1,25.9,42.5,0,0,0,0,0,,,,,,,
HNB,2024,4,424,378,425.544,409.856,783.577,737.776,1250.55,1171.115,154.205,26,8.335,130.328,98.74,98.74,49.089,146.848,1171.425,216.228,335.005,146.848,146.848,32.265,3,7,2,4,390.5,29.6,24.5,36.7,0,0,0,0,0,,,,,,,
HNB,2024,5,459,383,449.929,426.396,888.231,720.237,1381.963,1184.44,162.379,26,10.165,134.769,121.28,121.28,38.728,159.261,1184.44,276.912,397.38,159.261,159.261,40.671,3,7,2,4,394.8,33,19.4,39.8,0,0,0,0,0,,,,,,,
HNB,2024,6,464,399,436.406,437.238,923.152,705.218,1402.044,1153.9,180.372,26,2.955,148.662,127.96,127.96,36.926,132.179,1153.9,192.465,317.182,132.179,132.179,30.852,3,7,2,4,384.6,34.9,18.5,33,0,0,0,0,0,,,,,,,
HNB,2024,7,475,451,460.681,435.917,921.325,723.561,1426.855,1165.762,185.087,26,9.875,182.268,94.795,94.795,26.438,128.825,1165.762,146.512,281.104,128.825,128.825,29.407,3,7,2,4,388.6,31,13.2,32.2,0,0,0,0,0,,,,,,,
HNB,2024,8,471,367,452.935,398.412,937.368,760.503,1434.398,1172.994,159.613,26,9.717,132.983,77.6,77.6,41.017,151.174,1172.994,247.884,337.449,151.174,151.174,30.152,3,7,2,4,391,25.7,20.5,37.8,0,0,0,0,0,,,,,,,
HNB,2024,9,440,406,437.665,415.758,813.836,723.733,1294.11,1144.653,182.932,26,8.16,197.552,89.58,89.58,30.696,94.932,1144.653,266.511,341.041,94.932,94.932,19.302,3,7,2,4,381.6,27.5,15.3,23.7,0,0,0,0,0,,,,,,,
HNB,2024,10,511,504,501.75,574.033,968.465,831.268,1519.062,1439.002,267.504,26,8.575,249.6,112.95,112.95,42.198,194.411,1439.002,436.386,444.344,194.411,194.411,37.311,3,7,2,4,479.7,36.7,21.1,48.6,0,0,0,0,0,,,,,,,
HNB,2024,11,517,564,530.753,668.645,949.492,896.271,1531.917,1584.538,341.465,26,13.585,285.593,139.555,139.555,57.658,191.876,1584.539,302.711,535.609,191.876,191.876,34.262,3,7,2,4,528.2,41,28.8,48,0,0,0,0,0,,,,,,,
HNB,2024,12,565,488,596,562.572,1001.377,973.793,1655.4,1605.942,251.983,26,22.629,199.373,125.58,125.58,57.549,227.019,1605.943,495.596,341.939,227.019,227.019,41.011,3,7,2,4,535.3,37,28.8,56.8,0,0,0,0,0,,,,,,,
HNB,2025,1,409,532,491.829,612.762,711.593,1185.871,1223.277,1824.941,263.086,26,13.72,209.153,143.12,143.12,38.446,234.631,1824.942,325.411,529.349,234.631,234.631,42.234,3,7,2,4,608.3,42.2,19.2,58.7,0,0,0,0,603,0.9585,0.9641,0.9555,0.9457,0.9585,0.9585,0.9568
HNB,2025,2,450,444,485.466,418.237,793.193,823.208,1298.258,1260.437,175.433,26,7.097,155.758,87.382,87.382,50.811,136.182,1260.437,336.689,450.217,136.182,136.182,24.505,3,7,2,4,420.1,29.6,25.4,34,0,0,0,0,542,0.9613,0.9656,0.9573,0.9533,0.9587,0.9587,0.9592
HNB,2025,3,485,497,463.875,504.139,811.063,946.421,1293.665,1467.509,231.333,26,3.828,199.658,121.64,121.64,41.191,154.772,1467.435,258.084,536.44,154.772,154.772,27.632,3,7,2,4,489.1,35.5,20.6,38.7,0,0,0,0,531,0.9605,0.9659,0.956,0.9501,0.9519,0.9557,0.9567
HNB,2025,4,419,500,479.054,558.546,812.247,857.742,1310.64,1442.645,247.06,26,10.27,184.05,111.409,111.409,57.766,221.408,1442.485,435.717,531.973,221.408,221.408,39.332,3,7,2,4,480.8,35.9,28.9,55.4,0,0,0,0,531,0.9774,0.9802,0.9779,0.9669,0.972,0.9757,0.975
HNB,2025,5,425,446,524.621,494.254,824.779,911.345,1370.579,1421.092,228.403,26,11.87,180.946,110.01,110.01,41.402,165.519,1421.092,386.916,325.248,165.519,165.519,30.108,3,7,2,4,473.7,37.5,20.7,41.4,0,0,0,0,567,0.9612,0.9657,0.9614,0.9414,0.9561,0.9544,0.9567
HNB,2025,6,444,533,525.495,593.024,812.927,957.704,1359.637,1574.487,267.187,26,13.935,227.002,143.84,143.84,54.409,177.597,1570.487,409.214,450.317,177.597,177.597,32.718,3,7,2,4,523.5,44.5,27.2,44.4,0,0,0,0,555,0.9477,0.943,0.9178,0.9158,0.9292,0.9371,0.9318
HNB,2025,7,471.5908,521,528.915,583.114,915.626,963.927,1465.893,1565.745,274.508,26,8.188,223.286,114.4,114.4,58.325,197.62,1565.745,362.242,534.005,197.62,197.62,36.167,3,7,2,5,521.9,38.8,29.1,39.5,0,0,0,0,542,0.9668,0.9698,0.9674,0.9525,0.97,0.9666,0.9655
HNB,2025,8,467.3735,497,492.317,601.038,902.224,1283.452,1414.416,1902.238,270.13,26,14.635,201.91,135.95,135.95,62.247,204.044,1902.238,385.3,709.339,204.044,204.044,37.041,3,7,2,4,634.1,41.7,31.1,51,0,0,0,0,523,0.9637,0.9696,0.9576,0.9628,0.9588,0.9645,0.9628
HNB,2025,9,441.8638,490,533.188,557.829,859.653,1059.567,1414.366,1693.436,225.255,26,22.49,228.35,97.14,97.14,63.071,222.818,1658.337,704.789,572.224,222.818,222.818,40.958,3,7,2,4,552.8,35.6,33.1,55.7,0,0,0,0,499,0.9599,0.967,0.9451,0.9561,0.9556,0.9601,0.9573
HNB,2025,10,521,584,599.025,713.35,1002.897,1103.951,1626.105,1835.669,355.809,26,9.38,268.571,136.14,136.14,58.68,258.946,1835.668,437.814,580.086,258.946,258.946,45.982,3,7,2,4,611.9,43.8,29.3,64.7,0,0,0,0,574,0.9652,0.9663,0.9597,0.9313,0.961,0.9611,0.9574
HNB,2025,11,553,596,649.174,765.556,1051.72,1358.887,1727.102,2153.268,387.718,26,12.845,277.889,137.435,137.435,97.451,268.761,2152.092,591.39,871.223,268.761,268.761,46.679,3,7,2,5,717.4,46.7,48.4,53.6,0,0,0,0,627,0.9809,0.9833,0.9716,0.9651,0.9697,0.9744,0.9742
HNB,2025,12,616,604,658.538,750.186,1162.395,1281.143,1847.518,2069.213,378.031,26,16.538,290.232,163.72,163.72,69.871,247.709,2061.413,664.115,611.418,247.709,247.709,42.543,3,7,2,5,687.1,52.4,34.9,49.5,0,0,0,0,644,0.9519,0.9532,0.9479,0.9446,0.9476,0.9505,0.9493
HNB,2026,1,587.7243,605,618.169,665.991,1098.345,1113.852,1744.28,1800.371,336.949,26,9.213,233.976,160.01,160.01,53.053,230.267,1800.371,375.512,551.683,230.267,230.267,39.283,3,7,2,5,600.1,48.1,26.5,46.1,616,1533.236,610.886,922.35,699,0.9671,0.964,0.9605,0.9544,0.9587,0.967,0.9619
HNB,2026,2,407.4237,506,514.396,518.097,913.964,997.807,1451.464,1528.926,223.02,26,10.165,190.262,114.19,114.19,41.824,174.677,1528.926,286.724,424.343,174.677,174.677,29.843,3,7,2,5,509.6,39.6,20.9,34.9,532,1471.323,510.085,961.237,602,0.9651,0.9667,0.9621,0.9581,0.9618,0.9649,0.9631
HNB,2026,3,575.3218,502,618.966,563.792,1099.762,1030.819,1746.53,1623.559,256.143,26,9.006,182.24,133.006,133.006,51.543,216.946,1623.559,509.005,525.326,216.946,216.946,35.554,3,7,2,5,541.2,42.1,25.8,43.4,536,1518.613,563.458,955.155,510,0.9784,0.978,0.9755,0.9618,0.9639,0.9752,0.9721
HNB,2026,4,572.9307,521,603.796,602.889,1072.808,1009.269,1703.724,1625.004,284.464,26,7.62,193.827,139.475,139.475,60.106,214.707,1625.004,328.104,539.032,214.707,214.707,38.008,3,7,2,5,541.7,43,30.1,42.9,563,1778.88,669.799,1109.081,586,0.9539,0.9565,0.9508,0.9439,0.9443,0.9539,0.9506
HNB,2026,5,506.8982,476,594.226,550.607,1055.803,964.49,1676.719,1537.554,248.702,26,11.42,184.219,128.357,128.357,44.765,204.303,1537.554,351.263,394.872,204.303,204.303,33.168,3,7,2,5,512.5,42.2,22.4,40.9,519,1570.995,581.86,989.135,532,0.9624,0.9688,0.958,0.9476,0.9533,0.9644,0.9591
HNB,2026,6,515.7602,475,514.667,553.614,993.44,1025.005,1531.224,1578.619,510.518,26,4.88,163.719,138.452,138.452,52.449,194.114,1581.039,312.435,525.103,194.114,194.114,25.738,3,7,2,5,527,41.8,26.2,38.8,528,1572.89,555.944,1016.946,487,0.961,0.9664,0.9512,0.9469,0.9605,0.9605,0.9577
HQB,2020,1,0,249,0,132.628,0,6.742,0,139.37,-7.73,26,0,51.883,0,0,17.825,62.92,359.652,123.942,80.745,62.92,62.92,17.554,1,8,2,3,359.7,6.5,8.9,21,0,0,0,0,0,,,,,,,
HQB,2020,2,0,232,0,207.219,0,71.255,0,278.474,41.917,26,0,62.922,0,0,33.542,110.754,634.596,335.177,142.83,109.288,109.288,29.118,1,8,3,5,634.6,7.9,11.2,21.9,0,0,0,0,0,,,,,,,
HQB,2020,3,0,252,0,218.922,0,75.021,0,293.943,43.398,26,1.85,64.705,0,0,43.114,109.252,660.621,330.582,151.886,108.772,108.772,39.352,1,8,3,5,660.6,8.1,14.4,21.8,0,0,0,0,0,,,,,,,
HQB,2020,4,0,173,0,116.767,0,57.412,0,174.179,-26.087,26,0,47.611,0,0,17.956,51.2,400.62,210.89,68.724,50.768,50.768,7.085,1,8,3,5,400.6,6,6,10.2,0,0,0,0,0,,,,,,,
HQB,2020,5,0,305,0,196.514,0,73.706,0,270.22,25.481,26,0,71.501,0,0,23.084,101.928,523.323,275.399,123.596,100.512,100.512,24.058,1,8,3,5,523.3,8.9,7.7,20.1,0,0,0,0,0,,,,,,,
HQB,2020,6,0,324,0,323.804,0,118.736,0,442.54,115.57,26,5,102.374,1.45,1.45,37.416,177.564,1030.684,600.161,213.156,175.74,175.74,46.368,1,8,3,5,1030.7,13,12.5,35.1,0,0,0,0,0,,,,,,,
HQB,2020,7,0,327,0,343.96,0,257.177,0,601.137,135.259,26,2.3,79.223,5.5,5.5,49.469,207.469,1078.945,793.525,254.116,204.397,204.397,39.794,1,8,3,5,1078.9,10.5,16.5,40.9,0,0,0,0,0,,,,,,,
HQB,2020,8,0,291,0,309.449,0,143.995,0,453.444,105.363,26,0,70.206,18.534,18.534,40.808,179.901,1036.874,762.063,218.358,184.749,184.749,47.542,1,8,3,6,1036.9,11.1,13.6,29.6,0,0,0,0,0,,,,,,,
HQB,2020,9,0,339,0,351.256,0,735.723,0,1086.979,144.054,26,3.374,87.956,24.93,24.93,50.52,184.477,1083.871,589.299,236.046,193.107,193.107,30.883,1,8,3,6,1083.9,14,17.2,30.7,0,0,0,0,0,,,,,,,
HQB,2020,10,0,279,0,287.132,0,447.753,0,734.885,99.052,26,4.25,106.392,17.84,17.84,34.982,123.668,735.046,318.701,158.649,123.668,123.668,28.629,1,8,3,7,735,15.5,11.7,17.7,0,0,0,0,0,,,,,,,
HQB,2020,11,0,388,0,419.213,0,937.446,0,1356.659,180.494,26,11.027,137.24,25.19,25.19,44.802,200.954,1356.332,822.357,245.755,206.204,206.204,37.971,1,8,3,7,1356.3,20.3,14.9,28.7,0,0,0,0,0,,,,,,,
HQB,2020,12,0,463,0,528.274,0,1157.364,0,1686.923,263.516,26,11.395,149.673,18.405,18.405,71.784,278.303,1686.923,900.138,350.086,278.303,278.303,50.381,1,8,3,6,1686.9,21,23.9,46.4,0,0,0,0,0,,,,,,,
HQB,2021,1,468.312,464,368.511,469.567,773.23,785.466,1147.88,1255.033,216.639,26,1.3,133.75,14.95,14.95,48.332,271.235,1255.033,510.426,319.567,271.235,271.235,47.63,1,8,3,6,1255,18.6,16.1,45.2,0,0,0,0,0,,,,,,,
HQB,2021,2,295.8225,372,232.78,326.66,488.433,510.669,725.091,837.329,134.838,26,7.32,100.279,9.77,9.77,34.099,175.191,837.05,334.3,209.291,175.191,175.191,29.783,1,8,3,7,837,13.8,11.4,25,0,0,0,0,0,,,,,,,
HQB,2021,3,403.0414,453,317.15,400.254,665.462,757.2,987.895,1157.454,185.714,26,8.482,120.78,17.1,17.1,42.248,211.644,1155.014,518.368,253.892,216.819,216.819,42.67,1,8,3,6,1155,17.2,14.1,35.3,0,0,0,0,0,,,,,,,
HQB,2021,4,425.3263,494,334.686,436.354,702.257,767.414,1042.518,1203.768,211.203,26,19.268,125.671,30.15,30.15,40.047,221.219,1203.577,578.587,261.265,221.219,221.219,42.523,1,8,2,6,1203.6,19.5,20,36.9,0,0,0,0,0,,,,,,,
HQB,2021,5,454.2874,460,357.475,415.681,750.074,801.144,1113.504,1216.982,183.857,26,12.27,138.061,16.9,16.9,46.558,202.049,1214.636,395.122,248.607,202.049,202.049,40.415,1,8,3,7,1214.6,19.4,15.5,28.9,0,0,0,0,0,,,,,,,
HQB,2021,6,471.9743,383,371.392,369.576,779.277,843.596,1156.856,1213.241,151.881,26,16.71,105.448,12.1,12.1,45.359,190.029,1213.174,589.861,235.388,190.029,190.029,32.5,1,8,3,7,1213.2,14.7,15.1,27.1,0,0,0,0,0,,,,,,,
HQB,2021,7,490.3913,369,385.885,414.313,809.685,645.473,1201.998,1059.786,173.378,26,13.694,122.525,11.4,11.4,45.896,220.798,1053.137,576.741,266.694,220.798,220.798,38.248,1,8,3,7,1053.1,11.7,15.3,31.5,0,0,0,0,0,,,,,,,
HQB,2021,8,514.6062,240,404.939,261.732,849.667,368.303,1261.352,630.035,79.281,26,2,70.36,6,6,33.308,150.064,628.108,287.569,183.372,150.064,150.064,32.389,1,7,3,7,628.1,8.8,11.1,21.4,0,0,0,0,0,,,,,,,
HQB,2021,9,115,111,75.919,75.919,93.75,93.75,171.169,171.169,-22.22,26,0,41.779,0.9,0.9,5.609,29.132,170.974,39.956,34.741,29.132,29.132,5.473,1,7,3,7,171,3.7,1.9,4.2,0,0,0,0,0,,,,,,,
HQB,2021,10,687.225,420,540.771,460.797,1101.02,1203.541,1650.8,1664.338,190.328,26,10.627,173.164,9.6,9.6,62.604,204.801,1658.906,928.707,267.244,204.64,204.64,103.791,1,7,3,7,1658.9,17.3,20.9,29.2,0,0,0,0,0,,,,,,,
HQB,2021,11,765.5809,438,602.429,440.491,1137.435,855.51,1749.9,1296.001,185.691,26,4.759,194.739,8.9,8.9,56.5,175.592,1297.666,378.196,232.093,175.592,175.592,73.648,1,7,3,6,1297.7,17.4,18.8,29.3,0,0,0,0,0,,,,,,,
HQB,2021,12,814.5875,512,640.992,597.995,1210.244,839.369,1861.914,1445.521,292.32,26,10.38,267.348,9.7,9.7,49.178,269.546,1431.862,594.079,318.724,269.546,269.546,90.886,1,7,3,6,1431.9,17.8,16.4,44.9,0,0,0,0,0,,,,,,,
HQB,2022,1,319,468,307.633,508.791,643.276,454.28,950.927,963.071,209.719,26,68.225,149.762,5.1,5.1,43.199,242.505,961.335,339.462,285.704,243.005,243.005,87.179,1,7,3,6,961.3,14.1,14.2,40.5,0,0,0,0,0,,,,,,,
HQB,2022,2,260,279,250.736,285.254,524.3,509.287,775.05,794.541,57.006,26,21.637,72.296,3.6,3.6,38.388,149.333,791.31,386.466,187.721,149.333,149.333,57.097,1,7,3,6,791.3,9.3,12.8,24.9,0,0,0,0,0,,,,,,,
HQB,2022,3,409,415,394.427,407.145,824.765,902.706,1219.214,1309.851,144.193,26,59.63,143.334,5.34,5.34,47.647,151.194,1305.567,252.371,198.841,151.194,151.194,60.147,1,8,2,6,1305.6,13,23.8,25.2,0,0,0,0,0,,,,,,,
HQB,2022,4,429,401,413.714,492.313,865.096,876.504,1278.833,1368.817,200.075,26,62.017,147.37,4.5,4.5,63.933,214.493,1366.988,349.599,278.426,214.493,214.493,105.322,1,8,2,6,1367,11.9,32,35.7,0,0,0,0,0,,,,,,,
HQB,2022,5,430,475,414.678,536.264,867.112,796.804,1281.814,1333.068,239.109,26,4.17,230.297,2.46,2.46,73.565,225.772,1328.752,404.765,299.222,225.657,225.657,93.032,1,8,2,6,1328.8,12.8,36.8,37.6,0,0,0,0,0,,,,,,,
HQB,2022,6,447,413,431.073,434.778,901.393,1028.748,1332.49,1463.526,154.39,26,26.508,131.959,10.425,10.425,54.068,211.817,1462.499,604.82,265.886,211.817,211.817,102.747,2,8,2,6,731.2,14.7,27,35.3,0,0,0,0,0,,,,,,,
HQB,2022,7,470,389,453.253,454.166,901.393,955.253,1354.672,1409.419,181.493,26,4.34,131.468,29.265,29.265,76.799,212.293,1407.786,594.088,289.093,212.293,212.293,82.032,2,8,2,6,703.9,15.5,38.4,35.4,0,0,0,0,0,,,,,,,
HQB,2022,8,520,391,501.471,426.339,1048.601,1139.151,1550.101,1565.49,160.225,26,21.875,136.555,24.66,24.66,68.134,175.115,1564.581,553.636,243.249,175.115,175.115,89.99,3,8,3,6,521.5,17.6,22.7,29.2,0,0,0,0,0,,,,,,,
HQB,2022,9,525,338,506.293,313.402,1058.683,641.969,1565.005,955.371,84.572,26,26.726,110.069,21.12,21.12,25.234,130.253,952.291,213.052,155.487,130.253,130.253,64.194,3,8,3,6,317.4,12.6,8.4,21.7,0,0,0,0,0,,,,,,,
HQB,2022,10,485.8161,382,468.506,507.427,979.668,903.328,1448.2,1410.755,212.539,26,3.78,130.739,18.435,18.435,76.633,277.839,1409.271,792.759,354.472,277.839,277.839,99.725,4,8,3,6,352.3,13.4,25.5,46.3,0,0,0,0,0,,,,,,,
HQB,2022,11,452.8738,372,436.737,472.52,913.238,776.06,1350,1248.58,198.512,26,22.612,147.083,18.84,18.84,44.049,239.935,1246.808,444.516,283.985,239.935,239.935,86.164,4,8,3,6,311.7,14.5,14.7,40,0,0,0,0,0,,,,,,,
HQB,2022,12,520.4427,436,501.898,565.673,1049.494,1071.226,1551.421,1636.899,237.384,26,30.146,144.896,21.475,21.475,73.62,295.537,1633.503,681.919,369.157,295.537,295.537,124.438,4,8,3,6,408.4,15.8,24.5,49.3,0,0,0,0,0,,,,,,,
HQB,2023,1,269.4006,351,301.519,421.774,551.081,581.703,852.6,1003.477,159.033,26,14.254,89.524,14.015,14.015,46.354,257.628,1000.571,406.633,303.982,257.628,257.628,89.184,4,8,3,6,250.1,10.9,15.5,42.9,0,0,0,0,0,,,,,,,
HQB,2023,2,357.3682,340,399.975,405.794,731.025,871.958,1131,1277.752,150.613,26,8.37,94.247,16.66,16.66,61.799,224.718,1275.115,514.517,286.517,224.718,224.718,91.763,4,8,3,6,318.8,12,20.6,37.5,0,0,0,0,0,,,,,,,
HQB,2023,3,409.5041,384,458.326,423.774,837.674,912.419,1296,1336.193,168.1,26,9.68,100.612,21.3,21.3,50.776,241.406,1329.847,318.722,292.182,241.406,241.406,97.213,4,8,3,6,332.5,14,16.9,40.2,0,0,0,0,0,,,,,,,
HQB,2023,4,393.3894,370,440.29,408.748,804.71,736.374,1245,1145.122,164.175,26,20.635,144.149,11.31,11.31,43.478,189.177,1142.579,349.623,232.655,189.177,189.177,89.719,4,8,4,6,285.6,13.9,10.9,31.5,0,0,0,0,0,,,,,,,
HQB,2023,5,422,339,440.255,405.949,804.645,893.28,1244.9,1299.229,148.437,26,24.189,117.42,13.29,13.29,46.723,204.328,1298.656,282.633,251.051,204.328,204.328,82.352,4,8,3,5,324.7,13.5,15.6,40.9,0,0,0,0,0,,,,,,,
HQB,2023,6,455,387,466.637,396.815,852.863,765.272,1319.5,1162.087,162.791,26,16.901,127.653,13.35,13.35,45.081,193.83,1150.482,538.566,238.91,193.83,193.83,88.536,4,8,2,4,287.6,14.6,22.5,48.5,0,0,0,0,0,,,,,,,
HQB,2023,7,441,335,452.279,405.5,826.621,658.22,1278.9,1063.72,153.032,26,18.33,111.397,11.67,11.67,40.689,223.414,1063.56,517.243,264.102,223.414,223.414,94.185,4,8,2,4,265.9,12.6,20.3,55.9,0,0,0,0,0,,,,,,,
HQB,2023,8,433,357,444.074,507.537,811.626,751.962,1255.7,1259.499,207.96,26,20.755,133.649,8.49,8.49,64.191,280.453,1258.291,639.954,344.643,280.453,280.453,114.371,4,8,2,4,314.6,12.6,32.1,70.1,0,0,0,0,0,,,,,,,
HQB,2023,9,417,335,442.745,329.752,807.255,481.102,1250,810.854,102.905,26,10.781,135.728,12.84,12.84,33.161,137.241,810.188,274.267,170.403,137.241,137.241,68.575,4,8,2,4,202.5,12.4,16.6,34.3,0,0,0,0,0,,,,,,,
HQB,2023,10,466,338,478.66,380.38,872.74,422.138,1351.4,802.518,135.759,26,3.5,140.847,12.75,12.75,35.194,188.09,801.908,273.946,243.412,188.09,188.09,83.537,4,8,2,4,200.5,12.5,17.6,47,0,0,0,0,0,,,,,,,
HQB,2023,11,465,422,478.164,535.707,871.836,844.342,1350,1380.049,217.13,26,25.009,196.13,14.83,14.83,53.649,246.089,1378.469,463.109,532.685,246.089,246.089,104.352,4,8,2,4,344.6,17.7,26.8,61.5,0,0,0,0,0,,,,,,,
HQB,2023,12,483,553,496.122,904.385,904.578,880.898,1400.7,1611.302,581.827,26,32.393,250.961,54.555,54.555,64.629,327.865,1609.792,488.163,629.162,327.865,327.865,132.745,5,8,2,5,322,24.8,32.3,65.6,0,0,0,0,0,,,,,,,
HQB,2024,1,438,534,510.425,780.207,838.615,1022.348,1349.04,1793.167,299.577,26,30.097,225.493,62.013,62.013,54.357,398.859,1793.021,553.152,734.363,398.859,398.859,140.587,3,8,1,5,597.7,27.6,54.4,79.8,0,0,0,0,0,,,,,,,
HQB,2024,2,338,301,359.563,364.029,667.975,698.463,1027.538,1062.492,127.419,26,16.79,93.319,39.476,39.476,37.115,177.328,1059.251,340.642,466.172,177.328,177.328,79.421,3,8,1,5,353.1,15.6,37.1,35.5,0,0,0,0,0,,,,,,,
HQB,2024,3,434,492,445.448,481.542,731.859,1115.177,1177.307,1596.719,209.271,26,17.956,217.203,45.61,45.61,33.809,166.964,1590.218,442.025,460.176,166.964,166.964,39.199,3,8,2,5,530.1,22.4,16.9,33.4,0,0,0,0,0,,,,,,,
HQB,2024,4,454,393,523.304,465.921,860.377,842.487,1383.681,1308.408,189.637,26,15.09,176.18,58.312,58.312,39.664,176.675,1299.087,379.839,402.137,176.675,176.675,41.364,3,8,2,5,433,22.6,19.8,35.3,0,0,0,0,0,,,,,,,
HQB,2024,5,467,403,529.011,484.772,983.955,925.407,1512.966,1410.179,226.908,26,2,147.902,69.915,69.915,45.332,219.622,1407.484,313.527,476.037,219.622,219.622,50.788,3,8,2,5,469.2,23.8,22.7,43.9,0,0,0,0,0,,,,,,,
HQB,2024,6,446,431,514.672,501.804,875.21,912.04,1389.882,1413.844,208.155,26,10,183.976,70.07,70.07,37.365,200.393,1409.421,365.041,427.838,200.393,200.393,48.911,2,8,2,5,704.7,25.3,18.7,40.1,0,0,0,0,0,,,,,,,
HQB,2024,7,458,456,565.504,593.588,925.506,1019.497,1491.01,1613.085,266.84,26,10.8,203.674,83.635,83.635,50.912,244.568,1611.461,526.721,637.039,244.568,244.568,59.593,3,8,2,5,537.2,27.5,25.5,48.9,0,0,0,0,0,,,,,,,
HQB,2024,8,518,372,585.706,540.656,1026.465,1255.885,1612.171,1796.541,224.364,26,15.423,144.514,75.84,75.84,58.203,246.676,1792.443,799.056,631.264,246.676,246.676,65.372,3,8,2,5,597.5,26.4,29.1,49.3,0,0,0,0,0,,,,,,,
HQB,2024,9,466,467,534.57,552.035,870.439,927.641,1405.009,1479.676,244.738,26,10.553,190.655,63.555,63.555,47.137,240.135,1474.879,520.837,610.126,240.135,240.135,53.985,3,8,2,5,491.6,23.3,23.6,48,0,0,0,0,0,,,,,,,
HQB,2024,10,495,463,600.646,532.965,990.791,1069.102,1591.437,1602.067,257.259,26,9.158,193.341,58.985,58.985,49.435,222.045,1601.015,445.055,676.292,222.045,222.045,53.277,3,8,3,6,533.7,23,16.5,37,0,0,0,0,0,,,,,,,
HQB,2024,11,517,571,647.229,749.202,1039.676,1126.023,1686.905,1875.225,377.684,26,21.864,283.79,57.655,57.655,76.734,309.159,1878.339,752.908,792.668,309.159,309.159,71.235,3,8,3,6,626.1,26.7,25.6,51.5,0,0,0,0,0,,,,,,,
HQB,2024,12,532,511,710.119,628.573,1123.78,1220.736,1833.899,1849.309,330.252,26,12.975,202.707,44.038,44.038,67.464,301.389,1856.067,563.904,475.772,301.389,301.389,47.981,3,8,3,6,618.7,24,22.5,50.2,0,0,0,0,0,,,,,,,
HQB,2025,1,679,590,614.907,678.968,849.157,872.764,1464.064,1551.732,320.648,26,18.61,210.64,62.773,62.773,65.399,321.547,1553.822,547.935,708.469,321.547,321.547,51.345,3,8,3,6,517.9,26.8,21.8,53.6,0,0,0,0,450,0.9756,0.9756,0.9667,0.9422,0.9645,0.9559,0.9634
HQB,2025,2,385,454,531.157,460.367,855.851,1035.963,1387.008,1496.33,214.975,26,9.78,160.834,50.038,50.038,53.355,186.361,1497.887,365.023,569.364,186.361,186.361,35.79,3,8,3,6,499.3,22.2,17.8,31.1,0,0,0,0,392,0.9898,0.9797,0.9848,0.9578,0.9824,0.9648,0.9766
HQB,2025,3,487,487,416.312,564.399,1114.221,1153.693,1530.533,1718.092,256.888,26,13.246,201.856,49.746,49.746,62.73,236.821,1715.588,463.033,698.509,236.821,236.821,45.095,2,8,3,6,857.8,23.4,20.9,39.5,0,0,0,0,314,0.9904,0.9904,0.9904,0.9594,0.9714,0.9717,0.9789
HQB,2025,4,394,427,515.456,502.308,1000.102,1023.141,1515.558,1525.449,219.61,26,11.088,170.573,58.985,58.985,43.143,218.518,1525.246,552.25,477.016,218.518,218.518,46.452,2,8,3,6,762.6,25.2,14.4,36.4,0,0,0,0,374,0.9679,0.9733,0.9629,0.9247,0.9631,0.9733,0.9609
HQB,2025,5,404,481,507.052,564.764,1096.598,851.975,1603.65,1427.518,255.632,26,11.19,188.071,51.597,51.597,47.475,277.209,1427.802,399.043,494.999,277.209,277.209,55.305,2,8,3,6,713.9,24.4,15.8,46.2,0,0,0,0,402,0.9652,0.9726,0.9703,0.9148,0.9677,0.9534,0.9573
HQB,2025,6,434,507,628.723,602.244,1137.216,1137.946,1765.939,1740.19,308.234,26,4.7,222.968,63.11,63.11,60.724,250.742,1659.466,675.016,744.186,250.742,250.742,46.387,2,8,3,6,829.7,27.2,20.2,41.8,0,0,0,0,401,0.9726,0.9751,0.9751,0.9554,0.9678,0.96,0.9677
HQB,2025,7,502.6581,550,648.568,702.037,1019.638,1128.749,1668.206,1830.786,351.473,26,19.46,260.882,67.49,67.49,60.475,293.729,1800.597,640.675,625.626,293.729,293.729,59.802,2,8,3,6,900.3,31.5,20.2,49,0,0,0,0,438,0.9886,0.9886,0.9841,0.9754,0.9754,0.9775,0.9816
HQB,2025,8,500,501,623.703,627.622,1008.003,1080.442,1631.706,1708.064,303.759,26,10.2,201.163,63.65,63.65,70.116,282.494,1705.004,534.416,808.188,282.494,282.494,55.014,3,8,3,6,568.3,26.7,23.4,47.1,0,0,0,0,472,0.9873,0.9873,0.981,0.9632,0.9793,0.9689,0.9778
HQB,2025,9,475.8161,438,577.81,525.232,960.176,1026.225,1537.986,1551.457,246.048,26,6.583,214.831,68.56,68.56,41.1,194.159,1549.823,398.151,497.62,194.159,194.159,35.748,3,8,3,5,516.6,28.4,13.7,38.8,0,0,0,0,454,0.9758,0.9779,0.9779,0.9371,0.9735,0.9669,0.9682
HQB,2025,10,484.077,536,645.792,659.733,987.174,998.144,1632.966,1657.877,328.194,26,17.391,279.088,66.155,66.155,57.548,239.552,1662.059,571.662,665.85,239.552,239.552,43.744,3,8,3,6,554,31.2,19.2,39.9,0,0,0,0,442,0.9819,0.9819,0.9796,0.9468,0.9619,0.9729,0.9708
HQB,2025,11,531.204,597,688.202,751.697,1053.278,1143.243,1741.48,1894.94,384.833,26,15.897,303.395,83.38,83.38,68.759,280.266,1897.581,637.984,667.92,280.266,280.266,50.28,3,7,2,6,632.5,42.7,34.4,46.7,0,0,0,0,553,0.9711,0.9711,0.9676,0.9556,0.9635,0.9514,0.9634
HQB,2025,12,574.9365,663,727.894,857.685,1139.556,1388.669,1867.45,2246.354,472.06,26,6.96,325.973,88.519,88.519,77.842,358.39,2246.025,796.372,893.672,358.39,358.39,63.893,3,7,2,6,748.7,42.8,38.9,59.7,0,0,0,0,618,0.9903,0.9903,0.9903,0.9627,0.9795,0.9873,0.9834
HQB,2026,1,642.8797,661,611.674,943.035,1027.489,1333.467,1640.156,2276.502,479.089,26,7.268,278.766,95.415,95.415,87.401,474.184,2277.456,806.344,847.051,474.184,474.184,82.535,3,7,2,6,759.2,45.8,43.7,79,765,2147.068,918.57,1228.499,741,0.9811,0.9811,0.9758,0.9749,0.9777,0.9777,0.978
HQB,2026,2,397.3477,483,582.776,553.282,978.946,1184.366,1562.668,1737.648,251.957,26,5.568,186.939,74.75,74.75,51.9,234.125,1733.711,526.977,593.011,234.125,234.125,40.758,3,7,2,6,577.9,34.6,26,39,537,1786.412,566.73,1219.682,518,0.9807,0.9903,0.9864,0.979,0.9866,0.9904,0.9856
HQB,2026,3,546.5716,551,651.578,669.664,1094.52,1238.47,1747.155,1908.134,341.879,26,9.72,255.183,81.95,81.95,60.423,262.388,1906.875,394.161,602.235,262.388,262.388,46.532,3,7,2,6,635.6,41.1,30.2,43.7,643,1851.986,666.571,1185.415,562,0.9964,0.9964,0.9964,0.9773,0.9859,0.9965,0.9915
HQB,2026,4,477.9806,510,725.54,703.269,1218.762,1173.051,1945.48,1876.32,348.766,26,15.842,268.143,57.52,57.52,64.292,297.472,1874.885,481.302,562.967,297.472,297.472,52.2,3,8,2,6,625,32.1,32.1,49.6,584,1778.952,697.621,1081.331,511,0.9922,0.9902,0.9902,0.9825,0.9807,0.9902,0.9877
HQB,2026,5,536.4943,534,693.483,644.843,1164.912,886.439,1859.521,1531.282,308.231,26,12.38,219.458,67.812,67.812,60.734,284.458,1531.397,500.184,564.689,284.458,284.458,58.897,3,8,2,6,510.5,29.9,30.4,47.4,606,1431.514,639.937,791.577,557,0.9946,0.9946,0.9946,0.9788,0.9946,0.9911,0.9914
HQB,2026,6,520.9391,548,521.196,587.089,1183.565,967.248,1705.607,1554.337,544.216,26,9.505,187.567,65.075,65.075,59.262,265.68,1555.682,395.323,606.032,265.68,265.68,48.395,3,8,2,6,518.6,30.2,29.6,44.3,612,1562.345,595.55,966.795,423,0.9953,0.9953,0.9953,0.9837,0.9814,0.9953,0.991
HSL,2021,12,0,0,0,0,0,0,0,0,-83.836,26,0,0,0,0,0,0,0,0,0,0,0,0,0,0,0,0,0,0,0,0,0,0,0,0,0,,,,,,,
HSL,2022,1,233,287,199.157,228.816,379.787,218.38,578.944,447.196,50.841,14,0.6,60.417,0.34,0.34,34.298,133.161,447.196,257.63,167.459,133.161,133.161,70.754,2,12,5,3,223.6,3.9,6.9,44.4,0,0,0,0,0,,,,,,,
HSL,2022,2,337,204,288.051,175.724,549.306,272.072,837.357,447.796,20.617,19,1.568,49.357,0.74,0.74,36.549,87.51,447.795,195.622,124.059,87.51,87.51,40.726,2,12,5,3,223.9,3.9,7.3,29.2,0,0,0,0,0,,,,,,,
HSL,2022,3,510,248,435.922,257.678,831.293,194.509,1267.215,452.187,85.91,27,3.954,85.126,8.087,8.087,25.173,135.339,452.173,226.625,160.511,135.339,135.339,67.106,2,10,5,5,226.1,5.7,5,27.1,0,0,0,0,0,,,,,,,
HSL,2022,4,321,365,274.375,345.641,525.625,263.176,800,608.817,138.136,25,3.44,131.707,15.98,15.98,41.266,153.249,608.807,273.401,194.505,153.239,153.239,71.388,2,10,5,6,304.4,8,8.3,25.5,0,0,0,0,0,,,,,,,
HSL,2022,5,321,424,274.375,446.977,525.625,444.38,800,891.357,177.312,26,16.076,152.496,10.68,10.68,61.755,205.969,891.357,422.561,268.534,206.779,206.779,74.133,2,10,5,6,445.7,8.1,12.4,34.5,0,0,0,0,0,,,,,,,
HSL,2022,6,340,279,290.615,301.216,559.385,344.051,850,645.267,43.01,26,6.21,73.907,9.33,9.33,45.827,165.942,645.267,367.608,211.769,165.942,165.942,76.395,2,9,5,6,322.6,7.2,9.2,27.7,0,0,0,0,0,,,,,,,
HSL,2022,7,400,283,341.9,349.784,658.1,553.858,1000,905.952,139.394,26,6.88,111.065,8.43,8.43,56.026,169.692,905.952,318.872,225.718,169.692,169.692,77.981,2,9,5,5,453,8.9,11.2,33.9,0,0,0,0,0,,,,,,,
HSL,2022,8,400,284,341.9,362.245,658.1,846.085,1000,1240.87,109.139,26,13.503,89.2,10.831,10.831,63.297,217.954,1240.87,787.021,281.251,217.954,217.954,96.394,2,9,5,5,620.4,9,12.7,43.6,0,0,0,0,0,,,,,,,
HSL,2022,9,400,281,341.9,348.59,708.1,657.675,1050,1077.142,109.028,25,11.701,116.021,12.535,12.535,71.693,207.516,1075.419,509.287,279.209,207.516,207.516,89.285,2,9,5,5,537.7,9.1,14.3,41.5,0,0,0,0,0,,,,,,,
HSL,2022,10,250.05,312,343.921,344.347,606.731,525.701,950.652,901.903,82.829,26,12.325,124.869,11.123,11.123,47.417,180.467,902.108,525.494,227.884,180.467,180.467,74.112,2,9,4,5,451.1,7.8,11.9,36.1,0,0,0,0,0,,,,,,,
HSL,2022,11,270,302,371.36,333.597,655.138,346.19,1026.498,712.833,88.774,26,11.29,109.276,23.899,23.899,46.487,175.69,712.628,333.226,222.178,175.69,175.69,78.183,2,9,4,5,356.3,8.5,11.6,35.1,0,0,0,0,0,,,,,,,
HSL,2022,12,300,532,412.622,506.414,727.931,503.553,1140.553,1046.81,236.518,27,7.5,186.521,25.718,25.718,53.251,270.267,1046.81,359.953,323.518,270.267,270.267,98.566,2,9,4,5,523.4,14.1,13.3,54.1,0,0,0,0,0,,,,,,,
HSL,2023,1,197,386,380.425,363.743,344,465.587,743,847.989,49.181,19,10.058,129.109,5.55,5.55,43.035,194.65,847.989,248.524,237.685,194.65,194.65,83.156,2,9,4,5,424,10.7,10.8,38.9,0,0,0,0,0,,,,,,,
HSL,2023,2,355,297,442.307,332.231,436.097,701.839,900,1081.72,77.042,24,9.909,96.98,12.575,12.575,58.291,202.126,1082.662,638.815,260.417,202.126,202.126,80.885,2,9,4,4,541.3,9.9,14.6,50.5,0,0,0,0,0,,,,,,,
HSL,2023,3,306,300,381.256,373.55,584.799,501.306,984.67,891.907,124.583,27,9.99,100.917,41.17,41.17,48.225,190.3,890.965,469.608,238.525,190.3,190.3,78.571,2,9,4,4,445.5,12.8,12.1,47.6,0,0,0,0,0,,,,,,,
HSL,2023,4,332,313,345.148,371.443,670,493.502,1032,885.496,101.469,24,2.96,131.457,23.598,23.598,40.888,193.091,885.495,294.035,233.979,193.091,193.091,83.706,2,9,4,4,442.7,11,10.2,48.3,0,0,0,0,0,,,,,,,
HSL,2023,5,334,366,344.575,478.903,542.099,500.718,903.498,1005.241,170,24,10,150.673,14.4,14.4,67.445,262.005,1005.242,519.924,329.451,262.005,262.005,117.41,2,10,4,6,502.6,9.6,16.9,43.7,0,0,0,0,0,,,,,,,
HSL,2023,6,390,350,417.861,385.911,657.395,450.336,1095.659,853.826,91.693,26,10.84,128.809,14.697,14.697,45.249,203.894,853.826,460.683,249.143,203.894,203.894,87.444,2,10,4,6,426.9,10.1,11.3,34,0,0,0,0,0,,,,,,,
HSL,2023,7,440,348,492.774,404.972,723.854,579.083,1240.688,1007.168,78.52,27,7.647,131.556,13.99,13.99,70.223,204.669,1007.168,525.995,274.891,204.669,204.669,106.494,3,10,4,6,335.7,10.1,17.6,34.1,0,0,0,0,0,,,,,,,
HSL,2023,8,410,282,459.557,350.442,722.993,320.261,1204.988,688.352,72.437,27,5.997,92.236,34.59,34.59,37.892,197.377,688.353,256.392,235.269,197.377,197.377,78.31,3,10,4,4,229.5,11.1,9.5,49.3,0,0,0,0,0,,,,,,,
HSL,2023,9,468,327,482.177,355.622,739.599,491.836,1245.319,868.403,82.482,25,9.435,143.518,23.005,23.005,43.349,157.26,868.404,368.183,200.609,157.26,157.26,64.627,3,10,4,5,289.5,10.5,10.8,31.5,0,0,0,0,0,,,,,,,
HSL,2023,10,443,348,462.231,433.218,727.2,642.403,1212,1104.175,138.399,27,10.215,161.007,20.21,20.21,60.499,209.841,1104.175,609.99,378.749,209.841,209.841,83.276,3,10,4,5,368.1,10.1,15.1,42,0,0,0,0,0,,,,,,,
HSL,2023,11,451,428,470.24,532.01,739.8,658.25,1233,1225.61,174.173,26,21.23,210.864,23.89,23.89,58.189,253.187,1225.61,680.812,568.179,253.187,253.187,94.246,3,9,4,6,408.5,13.7,14.5,42.2,0,0,0,0,0,,,,,,,
HSL,2023,12,478,492,518.575,566.261,763.105,457.868,1307,1063.2,192.732,26,7.617,267.387,43.64,43.64,49.733,236.955,1063.2,440.456,465.153,236.955,236.955,92.326,3,9,4,6,354.4,16.3,12.4,39.5,0,0,0,0,0,,,,,,,
HSL,2024,1,439.9406,508,461.429,602.67,651.564,511.308,1141.711,1155.148,223.959,26,13.03,220.332,30.745,30.745,69.454,310.279,1155.823,557.408,575.423,310.279,310.279,125.242,3,9,4,5,385.3,16,17.4,62.1,0,0,0,0,0,,,,,,,
HSL,2024,2,321.495,349,337.359,368.281,476.143,460.682,834.498,853.465,100.544,19,14.8,122.975,13.477,13.477,69.674,171.856,853.465,455.644,439.934,171.856,171.856,68.51,3,9,4,5,284.5,10.9,17.4,34.4,0,0,0,0,0,,,,,,,
HSL,2024,3,351.9525,433,369.319,451.847,521.252,446.639,913.556,942.799,131.589,26,7.8,200.896,25.81,25.81,43.305,218.349,942.799,359.586,365.844,218.349,218.349,51.969,3,9,4,5,314.3,13.7,10.8,43.7,0,0,0,0,0,,,,,,,
HSL,2024,4,406.099,395,426.137,423.395,601.444,416.988,1054.103,858.194,134.905,24,8.295,177.174,27.415,27.415,52.785,175.537,858.194,306.559,336.05,175.537,175.537,40.651,3,9,4,5,286.1,14,13.2,35.1,0,0,0,0,0,,,,,,,
HSL,2024,5,461.9376,404,484.731,511.3,684.143,841.791,1199.042,1391.509,202.248,26,15.349,157.986,33.16,33.16,86,257.223,1391.509,559.298,754.226,257.223,257.223,57.742,3,8,3,5,463.8,16,28.7,51.4,0,0,0,0,0,,,,,,,
HSL,2024,6,444.1708,408,466.088,471.188,657.829,670.214,1152.924,1171.49,182.082,26,14.583,163.921,27.31,27.31,65.596,229.867,1171.49,477.68,595.973,229.867,229.867,53.174,3,8,3,4,390.5,16.3,21.9,57.5,0,0,0,0,0,,,,,,,
HSL,2024,7,434.0183,454,455.434,496.108,642.793,500.265,1126.572,1022.967,197.798,27,9.103,232.271,19.28,19.28,60.521,201.527,1022.967,405.382,468.666,201.527,201.527,47.083,3,8,3,4,341,15.3,20.2,50.4,0,0,0,0,0,,,,,,,
HSL,2024,8,411.1752,437,431.464,492.614,608.962,502.098,1067.279,1014.342,178.746,27,5.31,146.223,75.651,75.651,64.262,220.797,1014.341,399.927,412.418,220.797,220.797,51.616,3,7,3,4,338.1,26.3,21.4,55.2,0,0,0,0,0,,,,,,,
HSL,2024,9,406.099,435,426.137,478.544,601.444,721.52,1054.103,1223.362,190.832,25,13.072,219.483,34.093,34.093,69.267,165.927,1223.361,691.175,460.34,165.927,165.927,39.147,3,6,3,4,407.8,22,23.1,41.5,0,0,0,0,0,,,,,,,
HSL,2024,10,479.7045,552,503.375,577.708,710.456,578.037,1245.159,1177.531,261.015,27,10.455,274.276,21.79,21.79,66.236,226.736,1177.531,389.573,486.327,226.736,226.736,50.584,2,7,3,4,588.8,19.3,22.1,56.7,0,0,0,0,0,,,,,,,
HSL,2024,11,483.9347,649,507.814,657.883,716.721,601.061,1256.139,1279.061,300.149,26,14.653,330.719,20.08,20.08,64.819,247.729,1279.121,514.006,545.062,247.729,247.729,49.372,2,7,3,4,639.6,20.4,21.6,61.9,0,0,0,0,0,,,,,,,
HSL,2024,12,486.9347,601,510.477,625.28,720.48,662.061,1262.727,1298.799,266.292,26,11.966,250.657,22.64,22.64,59.664,291.811,1298.798,456.097,351.675,291.811,291.811,50.44,2,7,3,4,649.4,23.6,19.9,73,0,0,0,0,0,,,,,,,
HSL,2025,1,528,540,511.753,577.899,561.952,632.101,1102.175,1227.379,225.321,19,7.845,213.531,74.82,74.82,65.47,233.613,1227.379,459.175,410.453,233.613,233.613,39.652,2,8,3,3,613.7,25.4,21.8,77.9,0,0,0,0,386,0.9974,0.9969,0.9977,0.9781,0.9977,0.9973,0.9942
HSL,2025,2,475,476,425.504,396.103,664.794,771.231,1113.969,1182.278,155.607,19,5.885,168.734,35.17,35.17,51.133,150.126,1182.278,477.998,551.224,150.126,150.126,26.84,2,8,3,3,591.1,19.3,17,50,0,0,0,0,316,0.9747,0.9719,0.9725,0.9616,0.9817,0.9664,0.9715
HSL,2025,3,486,545,519.072,505.566,596.775,847.94,1144.724,1392.307,217.263,26,12.155,269.227,20.465,20.465,53.415,189.105,1392.307,550.102,576.197,189.105,189.105,33.329,2,7,2,3,696.2,21.6,26.7,63,0,0,0,0,246,0.9756,0.9812,0.9873,0.9637,1,0.9805,0.9814
HSL,2025,4,442,467,498.204,418.821,680.977,724.285,1206.897,1178.706,145.064,24,14.33,171.134,24.61,24.61,45.074,199.273,1178.705,483.55,545.202,199.273,199.273,33.796,2,7,2,3,589.4,20.9,22.5,66.4,0,0,0,0,146,0.9863,0.9906,0.9751,0.9616,0.9818,0.9808,0.9794
HSL,2025,5,452,489,510.846,427.214,696.613,713.919,1235.878,1152.473,157.652,25,12.65,190.285,34.02,34.02,33.1,168.499,1152.473,300.62,359.656,168.499,168.499,32.449,2,7,2,4,576.2,25.7,16.5,42.1,0,0,0,0,236,0.8729,0.9389,0.9288,0.8576,0.899,0.8284,0.8876
HSL,2025,6,456,480,518.066,545.701,709.208,1021.958,1256.094,1582.504,235.198,25,27.991,217.204,50.175,50.175,54.285,210.892,1582.504,770.686,537.194,210.892,210.892,38.454,3,7,2,4,527.5,28.3,27.1,52.7,0,0,0,0,153,0.8301,0.9516,0.8879,0.9215,0.9641,0.9009,0.9093
HSL,2025,7,497,570,481.262,609.114,788.579,979.371,1296.614,1648.154,259.046,26,7.579,259.21,71.57,71.57,82.347,248.077,1648.154,504.354,802.111,248.077,248.077,40.938,3,7,2,4,549.4,31,41.2,62,0,0,0,0,303,0.9703,1,0.9775,0.9734,1,0.9865,0.9846
HSL,2025,8,493,479,459.007,551.009,777.83,701.859,1262.372,1273.805,220.02,25,15.515,199.25,74.9,74.9,52.951,229.329,1273.805,509.107,558.991,229.329,229.329,43.27,3,7,2,4,424.6,28.7,26.5,57.3,0,0,0,0,178,0.9888,1,0.988,0.9933,1,1,0.995
HSL,2025,9,461,461,423.93,543.618,731.081,719.844,1178.595,1281.4,199.433,25,21.674,180.467,65.56,65.56,58.603,235.252,1279.805,430.313,544.211,235.252,235.252,44.962,3,7,2,4,426.6,27.8,29.1,58.6,0,0,0,0,146,0.9384,1,0.9894,0.9674,1,0.987,0.9804
HSL,2025,10,467,687,476.33,795.799,747.995,907.986,1250.824,1748.078,365.763,27,26.521,309.095,74.487,74.487,89.151,340.837,1748.701,863.788,857.297,340.837,340.837,61.339,3,7,2,5,582.9,34.2,44.7,68.2,0,0,0,0,80,0.95,0.973,0.9799,0.969,0.9956,0.9694,0.9728
HSL,2025,11,519,719,504.369,748.102,808.82,839.546,1341.247,1614.383,319.355,25,13.71,318.806,63.325,63.325,77.126,301.869,1618.09,676.009,779.88,301.869,301.869,54.502,3,7,2,5,539.4,31.9,38.7,60.4,0,0,0,0,125,0.984,1,0.9964,0.9933,0.9975,1,0.9952
HSL,2025,12,573,733,535.808,897.126,890.395,1315.522,1456.011,2244.589,391.168,27,30.483,299.799,84.037,84.037,105.292,409.455,2244.588,1079.284,1221.233,409.455,409.455,75.133,3,7,3,5,748.2,37,35.1,81.9,0,0,0,0,91,0.978,1,1,0.9962,1,1,0.9957
HSL,2026,1,839.1817,693,695.318,831.517,1006.91,1281.806,1736.6,2130.511,391.791,27,17.73,243.952,99.922,99.922,79.067,408.033,2127.811,1027.722,815.551,408.033,408.033,71.549,3,7,3,5,709.3,38.6,26,81.5,734,1539.598,738.798,800.8,132,0.9848,1,0.9943,0.9958,1,0.9886,0.9939
HSL,2026,2,455.4723,514,521.83,532.192,755.677,974.856,1303.302,1530.173,157.66,19,18.175,165.163,69.44,69.44,58.981,243.557,1530.527,729.583,604.314,243.557,243.557,39.571,3,7,3,5,510.2,29.1,19.7,48.7,567,1223.289,542.317,680.971,75,0.9467,1,0.973,0.9878,1,0.9592,0.9778
HSL,2026,3,654.4274,565,628.783,657.971,910.559,942.344,1570.425,1612.554,247.73,26,17.305,194.869,64.61,64.61,88.824,304.602,1611.649,577.58,721.052,304.602,304.602,56.914,3,7,3,5,537.2,29.6,29.6,60.7,617,1610.187,667.843,942.344,75,0.9467,1,0.9925,0.9912,1,0.9901,0.9868
HSL,2026,4,557.5921,519,605.936,605.441,877.474,852.655,1513.363,1470.373,317.079,26,13.701,179.475,78.845,78.845,73.242,272.455,1470.373,562.522,705.337,272.455,272.455,55.177,3,7,3,5,490.1,29,24.4,54.5,572,1437.897,613.788,824.109,47,1,1,1,1,1,1,1
HSL,2026,5,578.4439,503,623.368,592.272,902.717,782.56,1556.9,1379.135,261.27,26,11.915,166.437,63.072,63.072,77.378,277.772,1379.135,597.515,651.568,277.772,277.772,56.706,3,7,3,4,459.7,26.9,25.8,69.4,551,1420.804,604.628,816.176,81,1,1,1,0.997,1,1,0.9995
HSL,2026,6,536,662,528.89,634.409,934.617,998.537,1489.652,1632.946,634.409,26,14.535,154.49,81.582,81.582,70.737,313.065,1636.634,587.405,709.12,313.065,313.065,67.996,3,7,3,4,545.5,32.8,23.6,78.5,713,1627.202,633.622,993.58,36,0.8889,0.9595,1,0.9933,0.9939,1,0.9726
HTiF,2024,3,0,105,0,73.377,0,228.447,0,301.846,-32.848,26,1.486,46.402,4.076,4.076,4.65,16.785,301.846,46.647,52.132,16.785,16.785,6.819,1,4,2,2,301.8,12.5,2.3,8.4,0,0,0,0,0,,,,,,,
HTiF,2024,4,374,286,340.91,292.84,522.098,504.84,863.008,800.678,135.889,26,2.485,168.263,35.827,35.827,19.597,69.667,800.679,103.814,137.223,69.667,69.667,23.856,2,4,2,2,400.3,35.3,9.8,34.8,0,0,0,0,0,,,,,,,
HTiF,2024,5,358,371,346.753,369.734,886.456,1246.011,1233.209,1618.804,227.762,26,4.37,202.437,48.603,48.603,42.945,74.439,1614.444,166.471,504.256,74.439,74.439,14.713,2,5,2,2,807.2,40.1,21.5,37.2,0,0,0,0,0,,,,,,,
HTiF,2024,6,397,377,513.053,418.393,1156.005,1060.4,1669.058,1482.888,247.653,26,6.46,220.804,53.85,53.85,41.402,99.973,1482.888,189.262,315.543,99.973,99.973,22.021,2,6,2,3,741.4,35.4,20.7,33.3,0,0,0,0,0,,,,,,,
HTiF,2024,7,440,445,532.43,509.571,1144.012,1427.468,1676.442,1947.772,276.71,26,1.9,271.314,58.068,58.068,63.307,125.716,1947.772,266.477,413.3,125.716,125.716,23.374,2,8,2,3,973.9,30.6,31.7,41.9,0,0,0,0,0,,,,,,,
HTiF,2024,8,416,376,506.516,440.978,1239.03,1275.318,1745.546,1721.188,186.82,26,7.87,180.008,62.716,62.716,55.698,139.578,1721.188,392.961,493.585,139.578,139.578,23.218,2,8,2,3,860.6,27.8,27.8,46.5,0,0,0,0,0,,,,,,,
HTiF,2024,9,426,459,607.42,521.363,1313.302,1181.224,1920.722,1705.428,310.894,26,5.87,281.72,39.132,39.132,55.258,142.224,1705.428,495.552,475.256,142.224,142.224,21.782,2,8,2,3,852.7,27.1,27.6,47.4,0,0,0,0,0,,,,,,,
HTiF,2024,10,469,543,659.244,583.807,1461.885,1123.299,2121.129,1717.457,339.75,26,4.595,309.722,72.574,72.574,45.915,161.352,1717.457,305.719,404.609,161.352,161.352,27.096,2,8,2,3,858.7,34.1,23,53.8,0,0,0,0,0,,,,,,,
HTiF,2024,11,459,548,698.044,609.74,1536.068,1525.365,2234.112,2155.151,345.65,26,8.196,332.095,97.506,97.506,62.303,129.686,2155.151,298.955,463.333,129.686,129.686,21.707,2,8,2,4,1077.6,41.6,31.2,32.4,0,0,0,0,0,,,,,,,
HTiF,2024,12,525,683,847.047,752.589,1644.994,2146.104,2492.041,2916.326,460.51,26,4.223,368.898,102.867,102.867,65.903,228.332,2916.606,510.274,313.815,228.332,228.332,35.073,2,8,2,4,1458.3,49.3,33,57.1,0,0,0,0,0,,,,,,,
HTiF,2025,1,365,489,541.586,613.972,1443.99,1711.406,1993.947,2342.088,292.883,26,3.397,269.516,81.399,81.399,64.252,212.118,2342.088,520.292,515.821,212.118,212.118,30.755,2,8,2,4,1171,35.6,32.1,53,0,0,0,0,321,0.9688,0.9688,0.9626,0.9474,0.9688,0.9688,0.9642
HTiF,2025,2,307,509,472.419,499.302,1226.253,1460.035,1705.973,1965.517,216.279,26,5.645,253.624,69.266,69.266,57.306,119.641,1965.518,441.938,479.874,120.641,120.641,17.518,2,8,3,4,982.8,33.1,19.1,29.9,0,0,0,0,316,0.9241,0.9241,0.9177,0.9016,0.9209,0.9241,0.9188
HTiF,2025,3,336,497,530.507,625.183,1388.489,1511.89,1927.195,2177.599,365.093,26,7.171,367.986,82.188,82.188,57.344,151.021,2177.32,359.197,463.619,151.021,151.021,21.741,2,8,3,4,1088.7,45.8,19.1,37.8,0,0,0,0,291,0.9485,0.945,0.945,0.9313,0.9485,0.9244,0.9405
HTiF,2025,4,369,586,479.147,658.83,1311.511,1666.044,1798.063,2342.364,281.517,26,7.79,352.821,101.731,101.731,57.079,156.898,2342.364,412.559,534.521,156.898,156.898,22.426,3,8,3,4,780.8,44.1,19,39.2,0,0,0,0,383,0.9504,0.953,0.9478,0.9347,0.953,0.9243,0.9439
HTiF,2025,5,475,619,464.37,665.962,1621.248,1518.011,2092.795,2208.844,343.909,26,4.889,381.185,87.924,87.924,69.195,147.64,2208.844,251.725,491.673,147.64,147.64,22.542,2,8,3,4,1104.4,44,23.1,36.9,0,0,0,0,460,0.9609,0.9609,0.9457,0.9239,0.9478,0.95,0.9482
HTiF,2025,6,480,629,574.678,741.729,1461.693,2049.475,2045.253,2811.131,387.865,26,32.91,371.253,101.163,101.163,76.838,179.492,2813.13,808.873,885.935,179.492,179.492,31.391,3,8,3,5,937.7,46.1,25.6,35.9,0,0,0,0,439,0.9613,0.959,0.9613,0.9297,0.9522,0.9499,0.9522
HTiF,2025,7,541,659,646.1,747.204,1669.199,1920.583,2325.285,2684.447,410.815,26,5.665,380.258,97.705,97.705,74.999,205.238,2693.373,455.249,775.812,205.238,205.238,31.785,3,8,3,5,897.8,46.7,25,41,0,0,0,0,537,0.9553,0.9534,0.9553,0.9385,0.9404,0.9497,0.9488
HTiF,2025,8,536,510,577.676,605.959,1637.518,1713.85,2224.123,2374.667,380.242,26,27.789,292.74,64.814,64.814,81.829,193.646,2418.739,626.881,828.117,193.646,193.646,30.133,3,8,3,4,806.2,36.9,30.3,51.8,0,0,0,0,433,0.9538,0.9538,0.9538,0.9379,0.9538,0.94,0.9488
HTiF,2025,9,466,639,595.276,710.632,1451.712,1679.024,2056.188,2399.085,414.44,26,9.963,368.826,91.663,91.663,57.232,192.377,2405.575,354.314,725.704,192.377,192.377,28.053,3,8,3,4,801.9,44.4,19.2,48.2,0,0,0,0,473,0.9429,0.9429,0.9366,0.9302,0.9366,0.9323,0.9369
HTiF,2025,10,541,724,674.348,872.485,1678.612,1714.762,2363.382,2606.189,571.047,26,9.19,466.008,102.27,102.27,94.563,219.396,2606.189,537.976,773.173,219.396,219.396,35.665,3,8,3,4,868.7,51.8,31.5,54.8,0,0,0,0,503,0.9642,0.9604,0.9642,0.9248,0.9602,0.9583,0.9554
HTiF,2025,11,598,788,716.572,1008.639,1836.711,2549.447,2564.358,3589.239,630.518,26,13.63,529.282,127.772,127.772,94.78,274.329,3589.239,891.681,1047.341,274.329,274.329,41.426,3,8,3,4,1196.4,59.1,31.6,68.6,0,0,0,0,601,0.9667,0.9634,0.9617,0.925,0.9534,0.9318,0.9503
HTiF,2025,12,659,887,761.435,1139.699,2014.777,2181.887,2787.98,3332.445,699.098,26,13.658,584.204,149.305,149.305,104.145,299.247,3332.781,812.79,952.344,299.247,299.247,44.891,3,8,3,4,1110.9,67.1,34.7,74.8,0,0,0,0,692,0.9566,0.948,0.9509,0.9205,0.948,0.9379,0.9436
HTiF,2026,1,785.3808,839,823.633,999.689,2008.779,2135.52,2859.699,3202.662,642.182,26,11.511,508.725,153.623,153.623,77.221,316.062,3202.577,595.382,855.958,316.062,316.062,46.494,3,8,2,4,1067.5,63.8,38.6,79,926,2677.681,950.515,1727.166,730,0.9575,0.9575,0.9575,0.937,0.9534,0.9562,0.9532
HTiF,2026,2,547.7889,652,616.109,730.131,1502.643,1848.166,2139.163,2584.73,441.612,26,3.076,369.793,110.516,110.516,57.041,196.138,2564.076,585.064,616.344,196.138,196.138,30.069,3,8,3,4,854.7,50.1,19,49,759,2547.829,751.511,1796.318,613,0.9592,0.9592,0.9366,0.9527,0.956,0.9413,0.9508
HTiF,2026,3,805.5615,766,770.64,912.697,1879.532,2163.823,2675.702,3088.269,598.604,26,19.298,465.495,113.102,113.102,79.219,247.331,3115.295,759.099,873.795,250.127,250.127,39.567,4,8,3,4,778.8,58.7,28.3,62.5,853,2997.097,901.353,2095.744,705,0.9461,0.9489,0.9305,0.9041,0.9418,0.9178,0.9315
HTiF,2026,4,757.6204,640,823.606,745.809,2008.713,2154.99,2859.604,2934.828,461.223,26,18.844,378.502,106.504,106.504,77.134,198.855,2907.802,624.977,780.811,198.958,198.958,32.199,4,7,4,5,727,58.7,17.9,39.2,768,3106.971,811.8,2295.171,661,0.941,0.941,0.9259,0.8949,0.9233,0.9291,0.9259
HTiF,2026,5,837.6116,723,858.877,827.732,2094.736,2483.491,2982.067,3310.669,534.714,26,12.251,423.687,145.049,145.049,79.691,166.5,3310.669,531.249,701.38,166.5,166.5,27.555,4,8,4,5,827.7,62.3,19.9,33.3,858,3277.361,819.929,2457.431,774,0.9625,0.9625,0.9625,0.9356,0.9601,0.9599,0.9572
HTiF,2026,6,761,595,738.983,723.082,2056.267,2051.181,2819.732,2774.263,425.621,26,3.09,256.277,162.048,162.048,95.088,206.579,2868.354,510.842,677.019,206.579,206.579,32.122,4,7,4,5,717.1,63.7,23.9,41.6,660,2893.808,761.276,2132.531,576,0.9705,0.9671,0.9705,0.9267,0.9688,0.9533,0.9595
HUF,2025,4,0,2,0,2.004,0,0,0,2.004,0,26,2.004,0,0,0,0,0,2.004,0,0,0,0,0,1,0,0,0,2,0,0,0,0,0,0,0,0,,,,,,,
HUF,2025,5,0,5,0,6.098,0,0,0,6.098,0,26,6.098,0,0,0,0,0,6.098,0,0,0,0,0,1,0,0,0,6.1,0,0,0,0,0,0,0,0,,,,,,,
HUF,2025,6,0,4,0,3.544,0,0,0,3.544,-1.12,26,6.836,-3.292,0,0,0,0,4.664,0,0,0,0,0,1,0,0,0,4.7,0,0,0,0,0,0,0,0,,,,,,,
HUF,2025,7,0,5,0,7.266,0,0,0,7.266,0,26,7.266,0,0,0,0,0,5.224,0,0,0,0,0,1,0,0,0,5.2,0,0,0,0,0,0,0,0,,,,,,,
HUF,2025,8,0,13,0,11.19,0,0,0,11.19,0,26,11.19,0,0,0,0,0,13.232,0,0,0,0,0,1,0,0,0,13.2,0,0,0,0,0,0,0,0,,,,,,,
HUF,2025,9,0,7,0,7.366,0,0,0,7.366,0,26,7.366,0,0,0,0,0,7.366,0,0,0,0,0,1,0,0,0,7.4,0,0,0,0,0,0,0,0,,,,,,,
HUF,2025,10,0,11,0,10.866,0,0,0,10.866,0,26,10.866,0,0,0,0,0,10.866,0,0,0,0,0,1,0,0,0,10.9,0,0,0,0,0,0,0,0,,,,,,,
HUF,2025,11,0,16,0,22.004,0,0,0,22.004,0,26,22.004,0,0,0,0,0,17.804,0,0,0,0,0,1,0,0,0,17.8,0,0,0,0,0,0,0,0,,,,,,,
HUF,2025,12,0,38,0,28.986,0,31.36,0,60.346,5.936,26,23.05,5.936,0,0,0,0,60.918,0,0,0,0,0,5,0,0,0,12.2,6.6,0,0,0,0,0,0,0,,,,,,,
HUF,2026,1,0,160,0,163.911,0,338.937,0,502.848,114.787,26,36.25,64.431,5.103,5.103,12.125,46.002,504.576,101.724,94.422,46.002,46.002,15.724,5,1,0,0,100.9,60.3,12.1,46,159,450.116,142.151,307.965,0,,,,,,,
HUF,2026,2,136.9286,217,115.546,243.164,428.067,528.648,543.613,771.812,110.266,26,21.75,121.505,9.817,9.817,24.876,65.216,772.813,98.2,189.288,65.216,65.216,12.053,4,4,2,2,193.2,29.1,12.4,32.6,245,779.945,255.07,524.876,0,,,,,,,
HUF,2026,3,201.4961,246,215.808,243.825,565.931,646.135,781.739,889.96,93.331,26,3.42,151.66,18.523,18.523,16.854,53.368,887.77,143.897,229.97,53.368,53.368,9.318,1,6,2,2,887.8,24.6,8.4,26.7,263,795.824,214.286,581.537,0,,,,,,,
HUF,2026,4,317.2334,234,283.672,286.997,864.473,723.942,1148.145,1010.939,139.911,26,3.165,121.513,50.724,50.724,24.865,86.73,1009.405,190.372,273.989,86.73,86.73,14.786,1,6,2,2,1009.4,25.6,12.4,43.4,292,1083.549,315.683,767.866,67,0.9851,1,1,0.9846,1,0.9846,0.9924
HUF,2026,5,322.8306,219,309.595,258.027,836.648,740.056,1146.243,998.083,116.495,26,5.19,125.996,45.98,45.98,25.456,55.405,996.024,127.154,246.597,55.405,55.405,12.645,1,6,2,3,996,26.5,12.6,18.5,261,1019.379,261.132,758.247,59,1,0.9667,1,1,1,0.9655,0.9887
HUF,2026,6,366.4235,262,266.487,240.445,847.878,780.909,1114.365,1021.354,240.445,26,5.91,97.674,76.274,76.274,11.217,49.37,1043.767,140.35,121.632,49.37,49.37,7.598,1,6,2,3,1043.8,30.2,5.6,16.5,304,1045.901,248.961,796.94,77,1,1,1,1,1,1,1
QBF,2020,1,0,0,0,0,0,0,0,0,0,26,0,0,0,0,0,0,0,0,0,0,0,0,0,0,0,0,0,0,0,0,0,0,0,0,0,,,,,,,
QBF,2020,2,0,2,0,0,0,0,0,0,0,26,0,0,0,0,0,0,0,0,0,0,0,0,0,0,0,0,0,0,0,0,0,0,0,0,0,,,,,,,
QBF,2020,3,0,3,0,0,0,0,0,0,0,26,0,0,0,0,0,0,0,0,0,0,0,0,0,0,0,0,0,0,0,0,0,0,0,0,0,,,,,,,
QBF,2020,4,0,9,0,0,0,0,0,0,0,26,0,0,0,0,0,0,0,0,0,0,0,0,0,0,0,0,0,0,0,0,0,0,0,0,0,,,,,,,
QBF,2020,5,0,6,0,0,0,0,0,0,0,26,0,0,0,0,0,0,0,0,0,0,0,0,0,0,0,0,0,0,0,0,0,0,0,0,0,,,,,,,
QBF,2020,6,0,8,0,0,0,0,0,0,0,26,0,0,0,0,0,0,0,0,0,0,0,0,0,0,0,0,0,0,0,0,0,0,0,0,0,,,,,,,
QBF,2020,7,0,13,0,1.05,0,0,0,1.05,-0.05,26,1.05,0,0,0,0,0,1.05,0,0,0,0,0,0,0,0,0,1,0,0,0,0,0,0,0,0,,,,,,,
QBF,2020,8,0,16,0,5.2,0,0,0,5.2,0,26,5.2,0,0,0,0,0,5.2,0,0,0,0,0,0,0,0,0,5.2,0,0,0,0,0,0,0,0,,,,,,,
QBF,2020,9,0,14,0,7.8,0,0,0,7.8,0,26,7.8,0,0,0,0,0,0,0,0,0,0,0,0,0,0,0,0,0,0,0,0,0,0,0,0,,,,,,,
QBF,2020,10,0,21,0,15.6,0,0,0,15.6,1.7,26,15.6,0,0,0,0,0,15.6,0,0,0,0,0,0,0,0,0,15.6,0,0,0,0,0,0,0,0,,,,,,,
QBF,2020,11,0,22,0,10.4,0,0,0,10.4,-5.8,26,10.4,0,0,0,0,0,13,0,0,0,0,0,0,0,0,0,13,0,0,0,0,0,0,0,0,,,,,,,
QBF,2020,12,0,20,0,15.6,0,0,0,15.6,10.4,26,15.6,0,0,0,0,0,13,0,0,0,0,0,0,1,0,0,13,0,0,0,0,0,0,0,0,,,,,,,
QBF,2021,1,0,24,0,23.4,0,0,0,23.4,-6.5,26,23.4,0,0,0,0,0,23.4,0,0,0,0,0,0,9,3,6,23.4,0,0,0,0,0,0,0,0,,,,,,,
QBF,2021,2,0,9,0,10.4,0,0,0,10.4,3.5,26,10.4,0,0,0,0,0,10.4,0,0,0,0,0,0,9,3,6,10.4,0,0,0,0,0,0,0,0,,,,,,,
QBF,2021,3,0,25,0,15.1,0,0,0,15.1,1.5,26,15.1,0,0,0,0,0,15.1,0,0,0,0,0,0,9,3,6,15.1,0,0,0,0,0,0,0,0,,,,,,,
QBF,2021,4,0,25,0,11.1,0,0,0,11.1,1.2,26,11.1,0,0,0,0,0,11.1,0,0,0,0,0,1,9,3,6,11.1,0,0,0,0,0,0,0,0,,,,,,,
QBF,2021,5,0,14,0,5.9,0,0,0,5.9,1.3,26,5.9,0,0,0,0,0,5.9,0,0,0,0,0,1,9,3,6,5.9,0,0,0,0,0,0,0,0,,,,,,,
QBF,2021,6,0,18,0,14.178,0,0.6,0,14.778,7.278,26,7.8,6.378,0,0,0,0,14.778,0,0,0,0,0,1,9,3,6,14.8,0,0,0,0,0,0,0,0,,,,,,,
QBF,2021,7,286,178,168.854,163.452,514.8,253.976,686.4,418.7,44.254,26,0.616,89.587,0,0,15.365,59.156,418.701,101.301,74.521,59.156,59.156,18.243,1,9,3,6,418.7,6.5,5.1,9.9,0,0,0,0,0,,,,,,,
QBF,2021,8,312,212,184.205,218.374,561.6,625.185,748.8,843.897,101.505,26,9.627,119.397,0,0,21.343,68.345,843.56,341.302,89.688,68.345,68.345,23.342,2,9,3,6,421.8,11,7.1,11.4,0,0,0,0,0,,,,,,,
QBF,2021,9,338,87,199.555,55.117,608.4,113.097,811.2,170.396,-24.516,26,5.465,37.808,0,0,4.024,10.003,171.404,28.071,14.026,10.003,10.003,2.026,2,9,3,6,85.7,3.1,1.3,1.7,0,0,0,0,0,,,,,,,
QBF,2021,10,338,273,199.555,323.972,608.4,959.257,811.2,1327.564,166.458,26,13.689,157.944,0,0,55.727,140.946,1328.651,507.709,198.089,142.271,142.271,41.713,2,9,3,6,664.3,14.4,18.6,23.7,0,0,0,0,0,,,,,,,
QBF,2021,11,364,331,214.906,374.47,655.2,915.935,873.6,1342.261,191.326,26,7.242,196.003,28.98,28.98,36.567,157.534,1341.307,387.531,193.485,162.849,162.849,59.36,2,9,3,6,670.7,19.1,12.2,26.2,0,0,0,0,0,,,,,,,
QBF,2021,12,390,339,230.256,424.735,702,915.89,936,1383.573,238.647,26,4.111,194.017,35.91,35.91,53.709,179.935,1383.573,429.22,233.644,179.935,179.935,71.081,2,9,3,6,691.8,20.5,17.9,30,0,0,0,0,0,,,,,,,
QBF,2022,1,433,304,408.94,387.377,1076.159,1108.465,1485.099,1563.491,188.998,26,3.852,161.493,42.435,42.435,58.359,188.886,1563.946,606.649,247.352,188.935,188.935,39.224,2,9,3,6,782,21,19.5,31.5,0,0,0,0,0,,,,,,,
QBF,2022,2,306,193,294.437,213.979,774.834,501.529,1069.271,726.991,14.353,26,1.193,97.649,28.17,28.17,26.586,71.864,726.991,125.032,98.45,71.864,71.864,18.66,2,9,3,6,363.5,13.1,8.9,12,0,0,0,0,0,,,,,,,
QBF,2022,3,461,225,441.656,310.868,1162.252,1275.782,1603.908,1631.266,122.883,26,4.04,118.98,26.46,26.46,63.025,142.979,1630.812,847.376,205.897,146.83,146.83,62.97,2,9,3,6,815.4,15.1,21,23.8,0,0,0,0,0,,,,,,,
QBF,2022,4,416,296,392.583,375.063,1033.113,730.35,1425.696,1105.413,173.322,26,0,160.208,30.87,30.87,35.643,148.342,1105.412,263.556,183.985,148.342,148.342,75.778,2,9,3,6,552.7,16.7,11.9,24.7,0,0,0,0,0,,,,,,,
QBF,2022,5,431,275,408.94,413.937,1076.159,874.928,1485.099,1318.507,179.677,26,4.235,178.307,47.31,47.31,54.38,159.347,1319.01,488.183,213.727,159.347,159.347,65.281,2,9,3,5,659.5,20.1,18.1,31.9,0,0,0,0,0,,,,,,,
QBF,2022,6,447,293,425.298,437.509,1119.205,1005.915,1544.503,1460.643,210.166,26,18.35,154.835,53.558,53.558,58.578,169.406,1460.139,665.927,227.985,169.406,169.406,73.184,2,9,3,4,730.1,21.4,19.5,42.4,0,0,0,0,0,,,,,,,
QBF,2022,7,447,283,425.298,374.353,1119.205,887.728,1544.503,1307.337,142.953,26,4.232,159.175,48.202,48.202,61.761,146.238,1305.336,323.725,207.999,146.238,146.238,61.295,2,9,3,4,652.7,21,20.6,36.6,0,0,0,0,0,,,,,,,
QBF,2022,8,432,306,413.043,376.926,1086.957,1223.236,1500,1628.187,141.183,26,16.47,152.238,52.738,52.738,58.477,125.028,1602.336,461.878,183.505,125.028,125.028,58.996,2,7,3,3,801.2,27.5,19.5,41.7,0,0,0,0,0,,,,,,,
QBF,2022,9,451,234,426.812,291.18,1123.188,690.192,1550,981.372,115.421,26,2.037,114.454,32.13,32.13,33.524,109.036,981.373,249.405,142.56,109.036,109.036,43.792,2,7,3,3,490.7,17.5,11.2,36.3,0,0,0,0,0,,,,,,,
QBF,2022,10,463,354,440.58,443.581,1159.42,1208.943,1600,1652.524,218.195,26,15.316,202.115,49.77,49.77,40.564,135.816,1650.924,362.488,176.38,135.816,135.816,54.295,2,7,3,3,825.5,28.1,13.5,45.3,0,0,0,0,0,,,,,,,
QBF,2022,11,504,338,462.609,532.318,1217.391,993.737,1680,1526.055,255.344,26,23.318,202.068,39.06,39.06,64.957,202.914,1522.055,502.073,267.871,202.914,202.914,82.121,2,7,3,3,761,25.2,21.7,67.6,0,0,0,0,0,,,,,,,
QBF,2022,12,467,441,468.116,673.213,1231.884,1860.768,1700,2533.981,368.06,26,21.29,302.054,38.799,38.799,111.181,199.89,2533.981,920.602,311.071,199.89,199.89,83.792,2,6,3,3,1267,41,37.1,66.6,0,0,0,0,0,,,,,,,
QBF,2023,1,295.867,312,334.77,369.023,995.742,1070.753,1350.153,1439.776,173.041,26,10.67,169.97,30.24,30.24,53.213,104.93,1439.776,548.218,158.143,104.93,104.93,54.188,2,6,3,3,719.9,27.4,17.7,35,0,0,0,0,0,,,,,,,
QBF,2023,2,337,300,371.925,404.131,1106.255,894.976,1500,1299.107,183.591,26,12.002,179.492,38.52,38.52,40.073,134.044,1299.107,342.163,174.117,134.044,134.044,58.572,2,5,3,3,649.6,35.1,13.4,44.7,0,0,0,0,0,,,,,,,
QBF,2023,3,331.04,314,374.568,420.168,1114.116,923.283,1510.659,1343.451,207.042,26,10.036,162.819,42.84,42.84,54.493,149.98,1337.451,421.536,204.473,149.98,149.98,57.182,2,5,3,3,668.7,34.4,18.2,50,0,0,0,0,0,,,,,,,
QBF,2023,4,306.7905,396,347.13,430.395,1032.505,1007.716,1400,1438.555,192.42,26,9.4,184.262,55.62,55.62,49.732,131.825,1430.555,303.537,181.557,131.825,131.825,55.314,2,5,3,3,715.3,42.1,16.6,43.9,0,0,0,0,0,,,,,,,
QBF,2023,5,303.4533,370,343.354,462.71,1021.273,978.292,1384.771,1441.002,220.378,26,3.5,202.823,49.95,49.95,49.938,156.498,1418.552,364.64,206.436,156.498,156.498,62.794,2,8,4,5,709.3,26.5,12.5,31.3,0,0,0,0,0,,,,,,,
QBF,2023,6,317.7473,324,359.528,453.06,1069.38,1137.496,1450,1590.556,204.203,26,6.403,176.03,36.9,36.9,56.442,177.285,1586.256,467.833,233.726,177.285,177.285,71.836,2,9,4,4,793.1,21.1,14.1,44.3,0,0,0,0,0,,,,,,,
QBF,2023,7,351,372,396.72,524.327,1180.005,1129.006,1600,1653.333,228.731,26,12.587,199.355,43.83,43.83,53.166,215.388,1638.283,445.548,268.555,215.388,215.388,83.647,2,8,4,4,819.1,26.4,13.3,53.8,0,0,0,0,0,,,,,,,
QBF,2023,8,358.0962,372,405.182,524.639,1205.174,1196.646,1634.127,1721.285,244.483,26,8.545,207.884,56.25,56.25,61.761,190.199,1714.835,628.782,251.96,190.199,190.199,71.981,2,8,4,4,857.4,29.8,15.4,47.5,0,0,0,0,0,,,,,,,
QBF,2023,9,332,313,409.118,408.703,1216.88,1258.788,1650,1667.491,165.812,26,20.7,172.597,34.02,34.02,51.237,130.149,1656.742,445.493,181.386,130.149,130.149,48.598,2,8,4,4,828.4,21.9,12.8,32.5,0,0,0,0,0,,,,,,,
QBF,2023,10,383.4881,373,433.913,447.838,1290.631,1348.48,1750,1796.318,213.169,26,1.552,192.377,49.33,49.33,50.856,153.723,1792.018,456.663,242.98,153.723,153.723,55.466,2,8,3,4,896,27.6,17,38.4,0,0,0,0,0,,,,,,,
QBF,2023,11,394.4449,370,446.31,488.392,1327.506,1420.926,1800,1909.318,226.875,26,4.8,226.032,43.02,43.02,56.417,158.123,1909.318,607.836,414.949,158.123,158.123,60.704,3,8,3,7,636.4,29.3,18.8,22.6,0,0,0,0,0,,,,,,,
QBF,2023,12,460.1857,501,520.695,633.639,1548.757,1572.25,2100,2205.889,337.025,26,16.366,285.538,50.58,50.58,72.163,208.992,2205.199,517.616,656.501,208.992,208.992,76.172,3,8,3,7,735.1,33.6,24.1,29.9,0,0,0,0,0,,,,,,,
QBF,2024,1,443,506,552.124,661.615,1347.876,1792.9,1900,2454.515,317.336,26,7.975,274.99,65.7,65.7,65.391,247.56,2454.516,641.389,755.632,247.56,247.56,86.831,3,8,3,7,818.2,37.2,21.8,35.4,0,0,0,0,0,,,,,,,
QBF,2024,2,355,273,348.71,378.592,851.29,1045.237,1200,1423.829,154.647,26,22.758,139.403,31.596,31.596,37.273,147.561,1423.83,500.667,380.367,147.561,147.561,51.911,3,8,3,7,474.6,19.8,12.4,21.1,0,0,0,0,0,,,,,,,
QBF,2024,3,458,436,459.779,562.061,1122.44,1479.789,1582.219,2041.85,265.525,26,11.78,260.364,59.17,59.17,65.868,164.879,2041.849,475.355,542.605,164.879,164.879,38.556,3,8,3,7,680.6,33.4,22,23.6,0,0,0,0,0,,,,,,,
QBF,2024,4,498,440,552.124,558.716,1347.876,1451.176,1900,2009.892,262.009,26,15.156,265.359,63.31,63.31,66.405,148.485,2009.891,461.59,486.101,148.485,148.485,33.037,3,9,3,7,670,32.6,22.1,21.2,0,0,0,0,0,,,,,,,
QBF,2024,5,518,408,581.183,536.074,1418.817,1479.052,2000,2015.126,271.293,26,22.214,249.724,52.875,52.875,61.208,150.053,2015.126,506.596,431.247,150.053,150.053,40.151,3,9,3,8,671.7,28.3,20.4,18.8,0,0,0,0,0,,,,,,,
QBF,2024,6,527,449,551.639,558.005,1432.726,1436.982,1984.365,1994.987,272.2,26,12.656,239.155,54.155,54.155,80.828,171.211,1994.987,652.487,560.53,171.211,171.211,43.313,3,9,3,6,665,28.2,26.9,28.5,0,0,0,0,0,,,,,,,
QBF,2024,7,521,503,666.15,581.739,1626.245,1603.386,2292.395,2185.125,305.917,26,9.545,274.151,71.812,71.812,58.425,167.805,2185.125,479.497,443.795,167.805,167.805,40.638,3,9,3,6,728.4,32.7,19.5,28,0,0,0,0,0,,,,,,,
QBF,2024,8,498,418,608.674,573.97,1580.857,1655.416,2189.531,2229.386,282.684,26,12.61,220.082,73.23,73.23,67.799,200.249,2229.387,697.021,686.809,200.249,200.249,46.408,3,9,3,5,743.1,30.6,22.6,40,0,0,0,0,0,,,,,,,
QBF,2024,9,447,501,547.326,601.602,1421.522,1211.866,1968.848,1820.374,308.146,26,19.802,300.527,82.013,82.013,48.091,158.075,1820.374,296.308,385.642,158.075,158.075,36.882,3,9,3,5,606.8,33,16,31.6,0,0,0,0,0,,,,,,,
QBF,2024,10,538,493,657.547,613.041,1707.792,1740.387,2365.339,2392.265,307.518,26,11.174,282.539,66.347,66.347,73.277,218.54,2392.265,676.18,706.141,218.54,218.54,44.119,3,9,3,6,797.4,30.8,24.4,36.4,0,0,0,0,0,,,,,,,
QBF,2024,11,515,540,629.454,683.283,1634.828,1806.86,2264.282,2501.913,393.446,26,15.212,339.46,83.065,83.065,76.436,180.879,2501.913,650.69,599.066,180.879,180.879,37.28,3,9,3,5,834,37.8,25.5,36.2,0,0,0,0,0,,,,,,,
QBF,2024,12,566,664,692.56,729.071,1798.727,2371.447,2491.287,3106.553,391.561,26,16.987,343.646,89.345,89.345,71.469,213.659,3106.553,523.705,345.721,213.659,213.659,41.966,3,9,2,5,1035.5,42.2,35.7,42.7,0,0,0,0,0,,,,,,,
QBF,2025,1,540,552,582.236,621.023,1920.39,2077.052,2507.934,2748.057,294.492,26,16.218,272.955,72.208,72.208,72.35,237.275,2748.057,786.062,458.302,237.275,237.275,42.5,3,9,2,5,916,34.3,36.2,47.5,0,0,0,0,197,0.934,0.93,0.9512,0.8429,0.9545,0.8947,0.9179
QBF,2025,2,378,422,497.77,536.374,1252.399,1424.286,1754.707,1983.645,263.377,26,14.429,240.16,56.7,56.7,55.948,192.123,1983.645,545.083,496.576,192.123,192.123,35.2,3,9,2,5,661.2,28,28,38.4,0,0,0,0,211,0.9194,0.9207,0.9184,0.8333,0.9261,0.8304,0.8914
QBF,2025,3,479,486,574.451,670.33,1547.279,1820.461,2126.967,2503.719,349.201,26,18.053,278.766,78.878,78.878,74.16,233.402,2503.719,439.293,593.123,233.402,233.402,40.742,3,9,3,5,834.6,33.7,24.7,46.7,0,0,0,0,200,0.93,0.9323,0.9412,0.8687,0.9078,0.9134,0.9156
QBF,2025,4,484,512,645.139,712.789,1695.205,1825.904,2346.226,2568.13,374.339,26,20.134,297.559,81.965,81.965,73.454,269.114,2566.126,628.454,594.64,269.114,269.114,47.777,3,9,3,5,855.4,35.2,24.5,53.8,0,0,0,0,203,0.931,0.928,0.9518,0.8976,0.9346,0.8925,0.9226
QBF,2025,5,450,544,602.512,754.249,1660.961,2036.747,2268.965,2790.996,408.926,26,35.148,333.897,80.77,80.77,97.751,206.683,2793,941.904,735.186,206.683,206.683,39.764,3,9,3,6,931,36.3,32.6,34.4,0,0,0,0,188,0.9574,0.9372,0.9331,0.9187,0.9543,0.9042,0.9342
QBF,2025,6,496,579,671.006,698.176,1739.216,2021.372,2416.339,2746.378,375.33,26,16.333,348.156,112.517,112.517,71.31,176.69,2746.378,401.026,437.576,176.69,176.69,39.043,3,9,3,6,915.5,42.3,23.8,29.4,0,0,0,0,165,0.9636,0.9243,0.9519,0.8498,0.9204,0.9293,0.9232
QBF,2025,7,507,595,707.026,897.244,1891.219,2049.586,2604.69,2946.83,500.044,26,25.439,337.075,116.285,116.285,97.624,320.821,2952.241,647.993,751.291,320.821,320.821,61.316,3,8,3,6,984.1,47.5,32.5,53.5,0,0,0,0,230,0.9261,0.9331,0.9,0.8824,0.9016,0.8905,0.9056
QBF,2025,8,487,552,644.456,778.161,1804.08,2039.064,2454.411,2821.225,432.163,26,12.558,343.322,120.692,120.692,90.338,215.25,2821.503,446.319,719.231,215.25,215.25,46.751,3,9,3,6,940.5,44.2,30.1,35.9,0,0,0,0,283,0.9329,0.919,0.9169,0.86,0.9231,0.8831,0.9058
QBF,2025,9,420,567,648.154,720.875,1597.396,2110.535,2251.459,2831.41,391.25,26,10.674,357.668,121.96,121.96,77.541,153.032,2826.942,370.012,424.453,153.032,153.032,31.755,3,9,3,5,942.3,44.5,25.8,30.6,0,0,0,0,257,0.9494,0.9557,0.9609,0.8812,0.9231,0.9158,0.931
QBF,2025,10,501,662,724.21,884.449,1876.95,2447.837,2607.762,3331.786,506.881,26,14.794,432.64,129.23,129.23,79,228.285,3367.805,695.036,681.296,228.285,228.285,47.033,3,9,3,5,1122.6,52,29.5,46,0,0,0,0,308,0.9805,0.9647,0.9767,0.9022,0.9464,0.9213,0.9486
QBF,2025,11,530,674,754.197,976.371,1969.251,2394.936,2730.323,3371.307,577.376,26,43.892,408.809,118.688,118.688,130.014,274.969,3373.145,873.603,908.299,274.969,274.969,49.305,3,9,3,5,1124.4,46.1,43.3,55,0,0,0,0,390,0.9154,0.8969,0.8667,0.778,0.8895,0.8167,0.8605
QBF,2025,12,603,787,790.79,1047.936,2213.568,2970.322,3011.567,4018.258,629.573,26,42.442,499.773,149.844,149.844,99.958,255.918,4023.25,773.886,963.145,255.918,255.918,48.125,4,9,3,5,1005.8,59,33.3,51.2,0,0,0,0,347,0.9366,0.9183,0.9297,0.8325,0.9286,0.8898,0.9059
QBF,2026,1,740.8657,742,920.288,1089.226,2497.298,2926.313,3433.835,4015.539,621.731,26,34.215,438.901,161.74,161.74,113.374,340.995,4092.413,1349.507,1011.425,340.995,340.995,65.922,4,9,3,5,1023.1,60.4,49.7,68,873,3317.208,973.573,2343.636,408,0.9902,0.9867,0.9602,0.8943,0.9459,0.9454,0.9538
QBF,2026,2,439.3001,532,610.001,711.588,1655.302,1893.494,2276.073,2605.082,402.548,26,3.702,311.053,120.257,120.257,66.819,209.756,2605.082,455.654,559.504,209.756,209.756,35.167,3,10,3,5,868.4,38.5,22.3,42,614,2540.568,699.781,1840.787,268,0.9216,0.9258,0.9189,0.8846,0.8921,0.8933,0.9061
QBF,2026,3,639.0973,656,842.568,867.189,2286.398,2402.918,3143.843,3270.107,528.114,26,10.514,409.841,127.02,127.02,87.834,231.98,3275.692,617.604,696.873,231.98,231.98,36.042,3,10,3,6,1091.9,45.9,30.2,38.7,752,3258.965,876.208,2382.757,379,0.9789,0.975,0.9576,0.9224,0.9615,0.9479,0.9572
QBF,2026,4,660,574,851.327,830.856,2310.164,2236.577,3176.522,3066.559,486.664,26,12.463,388.274,137.06,137.06,94.907,197.278,3066.559,470.44,706.925,197.278,197.278,33.725,3,10,3,6,1022.2,46.4,31.6,32.9,688,3218.444,868.719,2349.725,353,0.9207,0.9319,0.9059,0.8806,0.9073,0.9025,0.9082
QBF,2026,5,686.8265,604,883.771,838.562,2398.204,2296.398,3297.579,3134.96,481.904,26,8.06,383.815,146.331,146.331,70.516,229.84,3134.96,686.591,756.784,229.84,229.84,43.989,3,10,3,6,1045,47.2,23.5,38.3,707,3006.193,807.776,2198.417,413,0.8596,0.8676,0.8535,0.826,0.842,0.8329,0.8469
QBF,2026,6,574,507,693.296,817.421,2137.967,2457.47,2843.504,3274.895,764.208,26,34.868,278.125,186.467,186.467,87.842,230.124,3434.783,819.436,952.863,230.124,230.124,34.591,3,10,3,6,1144.9,49.3,29.4,38.4,599,3447.94,851.683,2596.257,352,0.9489,0.9512,0.9219,0.9139,0.9354,0.8995,0.9285
TQT,2021,12,0,318,0,146.445,0,258.534,0,404.979,36.681,26,0,117.925,0,0,4.95,23.571,404.979,40.861,28.521,23.571,23.571,45.748,1,0,0,1,405,63,5,23.6,0,0,0,0,0,,,,,,,
TQT,2022,1,700,600,405,421.795,855,939.71,1260,1363.568,282.033,26,2.4,190.692,0.5,0.5,50.107,180.158,1363.567,297.063,230.266,180.158,180.158,63.888,1,8,2,5,1363.6,17.5,25.1,36,0,0,0,0,0,,,,,,,
TQT,2022,2,500,417,289,300.375,611,643.056,900,943.431,159.815,26,3.99,136.465,5.084,5.084,32.65,122.185,943.431,179.149,154.836,122.185,122.185,39.694,1,8,2,5,943.4,14.9,16.3,24.4,0,0,0,0,0,,,,,,,
TQT,2022,3,756,532,680.4,587.12,1436.4,1076.698,2116.8,1663.818,346.365,26,19.645,214.361,36.874,36.874,54.001,262.24,1663.819,334.153,316.24,262.24,262.24,103.483,2,8,2,5,831.9,23.6,27,52.4,0,0,0,0,0,,,,,,,
TQT,2022,4,728,575,655.2,523.997,1383.2,1247.5,2038.4,1771.497,279.138,26,17.715,241.243,40.562,40.562,49.117,175.36,1773.91,419.813,224.477,175.36,175.36,65.298,2,8,2,5,887,26.2,24.6,35.1,0,0,0,0,0,,,,,,,
TQT,2022,5,700,646,630,677.736,1330,1277.777,1960,1955.513,383.99,26,13.18,262.913,43.066,43.066,70.131,288.445,1953.1,508.843,358.576,288.445,288.445,128.787,2,8,2,5,976.6,27.4,35.1,57.7,0,0,0,0,0,,,,,,,
TQT,2022,6,700,585,630,571.731,1330,1007.802,1960,1579.533,322.357,26,13.857,227.933,34.114,34.114,41.49,254.337,1606.666,399.128,300.192,257.982,257.982,116.877,2,8,2,8,803.3,23.7,21.1,32.2,0,0,0,0,0,,,,,,,
TQT,2022,7,728,617,655.2,639.124,1383.2,1481.908,2038.4,2121.032,365.697,26,28.16,253.462,32.9,32.9,70.149,254.453,2105.671,823.47,320.237,254.453,254.453,121.884,3,8,2,10,701.9,26.5,34.7,25.1,0,0,0,0,0,,,,,,,
TQT,2022,8,680,632,612,619.392,1292,1428.577,1904,2053.239,379.396,26,24.451,247.146,31.66,31.66,52.486,268.919,2054.022,450.232,321.405,268.919,268.919,143.095,3,9,2,8,684.7,20.6,26.2,33.6,0,0,0,0,0,,,,,,,
TQT,2022,9,806,587,725.4,695.035,1531.4,1575.848,2256.8,2295.036,436.093,26,15.68,247.68,35.813,35.813,84.076,335.941,2308.587,636.774,420.017,335.941,335.941,121.508,3,9,2,7,769.5,20.5,42,48,0,0,0,0,0,,,,,,,
TQT,2022,10,832,680,775.543,716.744,1637.257,1344.568,2412.8,2068.468,457.437,26,18.945,357.899,45.198,45.198,58.93,242.928,2068.472,749.2,301.858,242.928,242.928,120.077,3,9,2,8,689.5,27.2,29.5,30.4,0,0,0,0,0,,,,,,,
TQT,2022,11,858,639,827.357,755.151,1746.643,1472.382,2574,2248.643,446.391,26,32.212,280.794,41.903,41.903,59.046,362.305,2254.806,1071.908,421.351,362.305,362.305,164.941,3,9,2,8,751.6,21.6,29.5,45.3,0,0,0,0,0,,,,,,,
TQT,2022,12,918,743,846.9,858.089,1787.9,1790.303,2634.8,2653.416,526.344,26,29.527,301.815,41.297,41.297,86.793,403.681,2660.547,810.151,490.474,403.681,403.681,169.884,3,9,2,8,886.8,26.5,43.4,50.5,0,0,0,0,0,,,,,,,
TQT,2023,1,532,687,491.389,577.308,1046.9,1089.04,1542.8,1671.055,278.565,26,17.45,197.271,55.128,55.128,57.664,254.501,1671.522,559.698,312.166,254.501,254.501,120.091,3,9,2,8,557.2,24.6,28.8,31.8,0,0,0,0,0,,,,,,,
TQT,2023,2,690,647,637.327,685.068,1357.821,1354.354,2001,2043.584,379.95,26,13.4,210.322,71.916,71.916,74.309,319.282,2046.775,638.566,393.591,319.282,319.282,134.282,3,9,2,5,682.3,26,37.2,63.9,0,0,0,0,0,,,,,,,
TQT,2023,3,783,603,741.926,740.937,1521.962,1524.817,2270.7,2280.088,391.208,26,26.73,225.184,58.683,58.683,72.845,371.828,2286.727,740.406,444.673,371.828,371.828,155.866,4,9,2,6,571.7,24.3,36.4,62,0,0,0,0,0,,,,,,,
TQT,2023,4,694,606,759.668,603.58,1558.357,1815.203,2325,2432.143,313.496,26,26.907,199.208,45.713,45.713,61.224,283.887,2432.253,611.888,345.112,283.887,283.887,127.066,4,9,2,9,608.1,22.9,30.6,31.5,0,0,0,0,0,,,,,,,
TQT,2023,5,706,617,784.304,623.339,1608.895,1333.845,2400.4,1998.929,305.991,26,15.135,205.646,51.74,51.74,64.03,328.532,2002.832,588.078,392.562,328.532,328.532,149.784,5,9,4,9,400.6,23.9,16,36.5,0,0,0,0,0,,,,,,,
TQT,2023,6,749,599,758.655,641.616,1556.28,1296.064,2321.9,1962.198,315.071,26,21.685,190.997,64.952,64.952,62.388,326.111,1979.261,530.308,389.355,326.966,326.966,170.396,5,9,4,9,395.9,25.5,15.6,36.3,0,0,0,0,0,,,,,,,
TQT,2023,7,792,679,802.21,675.797,1645.625,1435.589,2455.2,2127.368,345.294,26,9.69,222.186,74.751,74.751,64.81,320.341,2128.766,427.219,385.151,320.341,320.341,156.137,5,9,4,8,425.8,40.6,16.2,40,0,0,0,0,0,,,,,,,
TQT,2023,8,762,621,767.837,629.024,1575.114,1895.834,2350,2547.267,319.673,26,14.825,207.172,62.469,62.469,65.511,301.456,2547.267,987.714,366.967,301.456,301.456,144.893,5,9,4,8,509.5,45,16.4,37.7,0,0,0,0,0,,,,,,,
TQT,2023,9,698,563,683.149,490.27,1474.379,1451.94,2163.8,1957.763,223.55,26,8.445,198.007,60.552,60.552,44.482,194.337,1957.763,383.693,238.819,194.337,194.337,86.139,5,9,4,8,391.6,24.7,11.1,24.3,0,0,0,0,0,,,,,,,
TQT,2023,10,758,599,717.941,587.526,1549.467,1279.544,2274,1887.996,339.904,26,22.073,201.914,74.386,74.386,54.567,255.512,1887.34,521.875,421.034,255.512,255.512,104.944,5,9,3,9,377.5,26.3,18.2,28.4,0,0,0,0,0,,,,,,,
TQT,2023,11,767,586,726.466,566.281,1567.865,1353.295,2301,1981.561,254.113,26,17.575,236.509,67.199,67.199,57.086,249.898,1985.556,579.864,562.534,249.898,249.898,119.065,5,9,3,8,397.1,28.5,19,31.2,0,0,0,0,0,,,,,,,
TQT,2023,12,773,752,732.149,773.288,1580.129,1750.846,2319,2576.681,435.802,26,23.183,293.96,73.379,73.379,80.534,354.779,2576.68,724.433,991.057,354.779,354.779,135.807,4,10,3,8,644.2,28.1,26.8,44.3,0,0,0,0,0,,,,,,,
TQT,2024,1,829,812,694.343,754.034,1602.458,1544.826,2321.2,2337.469,359.477,26,24.48,245.326,94.752,94.752,62.466,365.618,2336.763,703.03,943.274,365.618,365.618,174.506,4,10,3,8,584.2,30.5,20.8,45.7,0,0,0,0,0,,,,,,,
TQT,2024,2,646,595,597.577,538.926,1230.613,1288.088,1849.189,1849.3,212.312,26,10.41,179.039,68.702,68.702,87.476,215.585,1849.299,434.092,777.344,215.585,215.585,90.439,4,10,3,8,462.3,24.1,29.2,26.9,0,0,0,0,0,,,,,,,
TQT,2024,3,775,611,777.217,461.657,1404.948,1159.358,2209.476,1665.551,214.888,26,10.325,209.835,67.235,67.235,33.519,185.279,1667.004,330.839,527.178,185.279,185.279,58.432,4,9,3,8,416.8,26.7,11.2,23.2,0,0,0,0,0,,,,,,,
TQT,2024,4,746,626,684.801,609.908,1446.188,1326.476,2155.052,1947.72,321.369,26,14.96,243.833,70.987,70.987,32.674,258.79,1949.173,404.466,677.736,258.79,258.79,68.29,4,11,3,7,487.3,23.7,10.9,37,0,0,0,0,0,,,,,,,
TQT,2024,5,763,621,726.669,682.945,1453.153,1505.444,2205.357,2218.426,365.353,26,23.15,239.24,111.072,111.072,60.594,278.926,2217.993,642.257,849.054,278.926,278.926,69.5,4,10,4,6,554.5,30.9,15.1,46.5,0,0,0,0,0,,,,,,,
TQT,2024,6,746,619,673.999,645.315,1474.094,1509.965,2171.777,2185.72,340.963,26,12.172,206.214,137.325,137.325,60.915,259.129,2185.224,633.687,837.34,259.129,259.129,66.284,4,10,4,6,546.3,31.4,15.2,43.2,0,0,0,0,0,,,,,,,
TQT,2024,7,770,737,823.114,818.302,1629.259,1491.918,2481.297,2360.444,444.025,26,20.605,283.229,141.918,141.918,83.94,338.833,2360.147,684.408,860.069,338.833,338.833,85.824,4,10,4,7,590,34.6,21,48.4,0,0,0,0,0,,,,,,,
TQT,2024,8,779,673,701.299,723.47,1544.78,1402.34,2270.722,2173.504,372.751,26,10.805,228.98,148.946,148.946,65.003,317.429,2174.37,520.751,732.869,317.429,317.429,80.528,4,10,4,6,543.6,34.6,16.3,52.9,0,0,0,0,0,,,,,,,
TQT,2024,9,714,599,724.138,673.889,1587.975,938.549,2337.559,1620.197,370.816,26,16.875,200.541,111.727,111.727,68.316,284.189,1618.803,390.522,633.742,284.189,284.189,69.432,4,10,4,6,404.7,25,17.1,47.4,0,0,0,0,0,,,,,,,
TQT,2024,10,715,729,741.768,694.376,1522.547,1243.27,2290.381,2015.687,371.199,26,23.495,253.329,109.682,109.682,74.4,311.511,2015.937,588.986,757.037,311.511,311.511,62.904,4,10,3,9,504,28.4,24.8,34.6,0,0,0,0,0,,,,,,,
TQT,2024,11,808,770,836.033,805.016,1636.24,1305.23,2501.651,2144.499,469.215,26,9.695,273.456,107.546,107.546,96.515,352.056,2144.386,587.399,950.185,352.056,352.056,65.15,4,10,3,9,536.1,28.9,32.2,39.1,0,0,0,0,0,,,,,,,
TQT,2024,12,863,871,855.203,1091.269,1786.274,1709.861,2671.529,2849.017,628.945,26,48.44,319.356,143.319,143.319,130.82,497.22,2848.594,853.253,642.33,500.145,500.145,79.37,4,9,3,9,712.1,40,43.6,55.2,0,0,0,0,0,,,,,,,
TQT,2025,1,671,782,610.572,789.719,1372.239,1346.279,2015.386,2183.22,416.812,26,27.575,247.763,128.153,128.153,71.658,361.793,2183.127,788.572,710.982,361.793,361.793,67.934,4,10,3,9,545.8,33.7,23.9,40.2,0,0,0,0,103,1,0.966,0.9653,0.955,0.9059,0.9184,0.9518
TQT,2025,2,474,693,417.581,711.584,1356.487,1498.123,1796.346,2257.224,394.833,26,25.695,215.276,135.66,135.66,87.165,295.305,2257.224,866.868,749.217,295.305,295.305,47.412,4,10,3,8,564.3,33.2,29.1,36.9,0,0,0,0,58,1,0.9549,0.9558,0.9329,0.86,0.8308,0.9224
TQT,2025,3,678,730,620.902,756.659,1503.797,1545.743,2157.825,2397.442,401.8,26,31.402,257.387,118.402,118.402,95.078,349.43,2397.368,919.006,859.814,349.43,349.43,60.659,4,9,3,8,599.3,36.5,31.7,43.7,0,0,0,0,81,1,0.9775,0.9808,0.9503,0.9831,0.9826,0.979
TQT,2025,4,696,709,702.679,807.882,1579.828,1269.887,2319.995,2115.463,445.945,26,29.835,250.864,127.768,127.768,72.722,364.388,2115.715,681.171,658.657,364.388,364.388,67.902,4,9,2,8,528.9,35.9,36.4,45.5,0,0,0,0,54,1,1,0.9968,0.9579,0.983,0.9449,0.9804
TQT,2025,5,692,732,757.687,802.879,1647.964,1688.695,2446.074,2549.527,458.247,26,22.815,288.841,121.541,121.541,88.919,338.716,2549.961,647.811,983.861,338.716,338.716,63.534,4,9,2,8,637.5,35,44.5,42.3,0,0,0,0,109,0.9633,0.9796,0.9829,0.9812,0.9325,0.9613,0.9668
TQT,2025,6,685,846,844.417,940.402,1630.575,1667.249,2520.042,2648.626,549.853,26,23.155,312.531,137.292,137.292,94.916,413.483,2636.039,739.626,899.829,413.483,413.483,76.253,4,9,3,8,659,39,29.7,51.7,0,0,0,0,107,1,0.984,0.9753,0.9618,0.9545,0.9542,0.9716
TQT,2025,7,752.6135,839,875.146,882.622,1528.326,1711.343,2450.161,2633.38,508.947,26,23.975,284.294,132.47,132.47,88.052,393.246,2633.294,935.05,1040.743,393.246,393.246,72.379,4,10,3,8,658.3,32.9,29.4,49.2,0,0,0,0,234,1,0.9637,0.9582,0.9429,0.9653,0.9365,0.9611
TQT,2025,8,737.5836,842,803.721,847.708,1479.933,1530.23,2326.533,2420.631,491.887,26,22.285,299.794,95.66,95.66,96.606,376.057,2425.504,972.052,921.47,376.057,376.057,66.512,4,10,3,8,606.4,28.8,32.2,47,0,0,0,0,333,0.994,0.9959,0.9953,0.9554,0.985,0.9712,0.9828
TQT,2025,9,667.8905,763,772.096,792.728,1367.862,1564.255,2181.15,2397.134,443.301,26,31.005,287.35,104.689,104.689,95.99,313.846,2396.54,633.8,905.91,313.846,313.846,56.029,4,9,3,8,599.1,32.2,32.1,39.2,0,0,0,0,508,0.9882,0.9793,0.9682,0.9647,0.9484,0.9359,0.9641
TQT,2025,10,703.0418,889,830.359,974.492,1452.17,1640.722,2326.83,2666.61,581.067,26,42.767,361.416,115.667,115.667,109.737,396.302,2666.61,715.891,1007.391,396.302,396.302,67.471,4,8,3,8,666.7,43,36.6,49.5,0,0,0,0,583,1,0.992,0.992,0.96,0.9837,0.9513,0.9798
TQT,2025,11,771.0929,952,882.078,1117.092,1530.222,1530.317,2459.36,2677.703,663.99,26,61.569,392.671,115.073,115.073,104.374,473.699,2678.358,1000.184,935.998,473.699,473.699,72.088,4,13,3,9,669.6,29.6,34.8,52.6,0,0,0,0,724,0.9599,0.9551,0.9594,0.9153,0.9367,0.9228,0.9415
TQT,2025,12,817.9403,921,947.221,1084.942,1631.658,2053.4,2629.414,3197.771,640.686,26,49.898,398.395,142.951,142.951,100.878,452.249,3336.392,1020.823,1153.905,457.249,457.249,72.057,4,13,3,9,834.1,34.3,41.7,51.4,0,0,0,0,959,0.9791,0.9771,0.9651,0.9385,0.9538,0.945,0.9598
TQT,2026,1,993.7104,1010,1002.064,1295.107,1811.681,2052.42,2870.139,3390.716,766.582,26,56.225,373.426,173.283,173.283,113.761,621.601,3274.6,1096.172,1298.836,621.601,621.601,99.914,4,12,3,9,818.6,37.4,36.4,68.5,1073,2853.127,1197.847,1655.28,942,0.9894,0.9894,0.9244,0.9229,0.9192,0.9105,0.9426
TQT,2026,2,625.5683,733,726.423,754.511,1313.335,1639.737,2080.639,2469.258,386.51,26,28.079,225.408,140.133,140.133,101.849,334.052,2468.729,884.022,1046.214,334.052,334.052,61.325,4,12,2,9,617.2,27.4,50.9,37.1,912,2632.884,876.557,1756.327,635,0.9906,0.9906,0.9163,0.9284,0.9253,0.9056,0.9428
TQT,2026,3,840.0105,993,973.691,1112.483,1760.384,2212.094,2788.872,3370.754,655.274,26,35.786,384.791,193.735,193.735,109.194,435.154,3370.255,1208.315,1138.133,435.154,435.154,75.745,4,12,2,10,842.6,38.7,54.6,43.5,1001,3137.02,1073.296,2063.724,760,0.9632,0.9632,0.9632,0.9658,0.9681,0.9626,0.9643
TQT,2026,4,807.41,831,937.857,1053.451,1695.599,1928.342,2686.237,3046.352,601.688,26,39.165,341.493,231.199,231.199,113.317,392.836,3045.752,977.639,993.173,392.836,392.836,69.179,4,12,2,10,761.4,37.6,56.7,39.3,950,3359.903,1146.893,2213.009,680,0.9412,0.941,0.941,0.9455,0.9399,0.9339,0.9404
TQT,2026,5,822.0688,879,984.054,1049.208,1779.121,1861.885,2818.556,2969.19,609.265,26,77.535,334.807,210.389,210.389,98.518,386.055,2942.782,860.543,1121.419,386.055,386.055,65.387,4,12,2,9,735.7,39.2,49.3,42.9,926,2624.642,1050.07,1574.571,807,0.9566,0.9566,0.9566,0.9583,0.9564,0.9564,0.9568
TQT,2026,6,792.3437,946,811.59,1039.374,1957.428,1722.505,2814.692,2761.879,971.664,26,29.695,242.299,227.935,227.935,135.865,403.58,2761.999,674.861,1050.047,403.58,403.58,77.921,4,12,2,9,690.5,38.5,67.9,44.8,1107,2764.902,1042.061,1722.841,794,0.971,0.971,0.971,0.9722,0.9709,0.9697,0.971
VIF,2020,1,0,1012,0,1020.01,0,445.135,0,1465.145,150.084,26,34.955,400.213,117.469,117.469,157.771,309.602,4024.408,0,467.373,309.602,309.602,71.417,5,10,5,5,804.9,51.8,31.6,61.9,0,0,0,0,0,,,,,,,
VIF,2020,2,0,818,0,947.919,0,379.342,0,1327.261,509.75,26,19.744,369.683,124.155,124.155,150.645,283.692,4045.381,0,437.137,285.892,285.892,71.981,5,10,5,6,809.1,49.4,30.2,47.6,0,0,0,0,0,,,,,,,
VIF,2020,3,0,1073,0,1036.753,0,490.716,0,1527.469,547.222,26,40.305,412.752,110.65,110.65,166.87,306.176,4103.935,0,470.246,306.176,306.176,65.935,5,10,5,6,820.8,52.3,33.3,50.7,0,0,0,0,0,,,,,,,
VIF,2020,4,0,686,0,654.235,0,312.398,0,966.633,287.742,26,18.878,288.232,75.905,75.905,115.699,155.521,3056.34,0,271.221,155.521,155.521,46.817,5,10,5,6,611.3,36.3,23.1,25.9,0,0,0,0,0,,,,,,,
VIF,2020,5,0,1138,0,1139.098,0,500.702,0,1639.8,640.361,26,29.564,471.541,151.748,151.748,165.586,320.66,4779.576,0,486.246,320.66,320.66,80.904,5,10,5,6,955.9,62.3,33.1,53.4,0,0,0,0,0,,,,,,,
VIF,2020,6,0,1175,0,1226.557,0,567.171,0,1793.728,695.317,26,43.105,496.301,162.572,162.572,176.805,347.775,4840.281,0,524.58,347.775,347.775,85.162,5,11,5,6,968.1,59.9,35.4,58,0,0,0,0,0,,,,,,,
VIF,2020,7,0,1116,0,1222.563,0,518.57,0,1741.133,719.448,26,44.623,484.428,136.56,136.56,192.635,364.316,5267.825,0,556.951,364.316,364.316,94.825,5,11,5,6,1053.6,56.5,38.5,60.7,0,0,0,0,0,,,,,,,
VIF,2020,8,0,1011,0,1076.582,0,463.978,0,1540.56,579.095,26,36.453,453.987,125.948,125.948,149.494,310.701,4737.247,0,460.195,310.701,310.701,86.479,5,11,5,6,947.4,51.4,29.9,51.8,0,0,0,0,0,,,,,,,
VIF,2020,9,1186.256,940,973.308,1199.005,3001.44,3123.64,3979.856,4323.293,748.686,26,22.002,596.4,129.292,129.292,159.196,292.762,4353.872,862.411,455.461,295.623,295.623,0,5,13,5,8,870.8,52.9,32,37,0,0,0,0,0,,,,,,,
VIF,2020,10,1231.8813,998,1010.743,1174.295,3121.555,3385.683,4137.603,4575.037,737.658,27,19.97,583.232,110.715,110.715,168.996,306.441,4546.173,937.192,471.935,312.95,312.95,0,5,13,5,8,909.2,49.5,33.7,37.9,0,0,0,0,0,,,,,,,
VIF,2020,11,1231.8813,1089,1010.743,1324.063,3001.44,3940.404,4017.488,5264.467,843.271,25,47.121,683.232,130.77,130.77,152.517,310.423,5263.11,1062.189,462.94,310.423,310.423,0,5,13,5,8,1052.6,58.3,30.5,38.8,0,0,0,0,0,,,,,,,
VIF,2020,12,1231.8813,1247,1010.743,1383.679,3011.498,4177.036,4027.546,5565.316,896.575,27,36.517,698.953,97.335,97.335,202.211,353.264,5565.316,1315.627,556.026,353.264,353.264,0,5,13,5,8,1113.1,55.8,40.6,44.2,0,0,0,0,0,,,,,,,
VIF,2021,1,1248.0438,1215,1136.731,1433.019,3302.699,3979.253,4446.156,5461.625,929.097,25,11.085,728.479,139.863,139.863,208.437,394.508,5461.625,1219.702,602.945,394.508,394.508,0,5,14,5,10,1092.3,57.9,41.7,39.5,0,0,0,0,0,,,,,,,
VIF,2021,2,815.6655,803,742.916,901.953,2158.496,2677.304,2905.808,3641.601,516.967,18,11.542,430.145,109.08,109.08,149.959,263.571,3639.598,944.411,413.53,263.571,263.571,0,5,14,5,10,727.9,36.9,30,26.4,0,0,0,0,0,,,,,,,
VIF,2021,3,1227.2745,1129,1117.814,1404.389,3247.737,3639.906,4372.165,5058.047,931.029,27,23.846,669.001,164.835,164.835,196.037,364.422,5058.047,1146.842,560.459,364.422,364.422,0,5,14,5,10,1011.6,55.4,39.2,36.4,0,0,0,0,0,,,,,,,
VIF,2021,4,1151.7499,1093,1049.026,1269.412,3047.876,3281.027,4103.108,4604.63,805.504,24,22.045,607.837,139.005,139.005,199.139,355.577,4604.631,1020.946,554.716,355.577,355.577,0,5,14,5,10,920.9,50,39.8,35.6,0,0,0,0,0,,,,,,,
VIF,2021,5,1199.8968,913,1092.878,1205.096,3175.288,3373.826,4274.633,4578.922,770.804,25,27.008,526.447,117.995,117.995,192.101,341.546,4578.923,795.597,533.646,341.546,341.546,0,5,14,5,9,915.8,43.6,38.4,37.9,0,0,0,0,0,,,,,,,
VIF,2021,6,1248.0438,435,1136.731,501.322,3302.699,1759.588,4446.156,2277.958,169.411,26,5.01,221.678,46.08,46.08,75.052,170.55,2279.359,399.481,245.602,170.55,170.55,0,5,13,5,9,455.9,19.1,15,18.9,0,0,0,0,0,,,,,,,
VIF,2021,7,1104.5471,869,1006.033,925.107,2922.964,3095.843,3934.949,4166.076,470.962,27,23.338,450.948,80.055,80.055,170.242,345.649,4165.243,1125.029,515.892,345.649,345.649,0,5,13,5,9,833,35.9,34,38.4,0,0,0,0,0,,,,,,,
VIF,2021,8,1248.0438,512,1136.731,610.932,3302.699,2125.653,4446.156,2808.342,314.329,26,28.04,298.054,69.885,69.885,99.245,187.465,2808.342,660.045,286.71,187.465,187.465,0,5,13,5,8,561.7,26.7,19.8,23.4,0,0,0,0,0,,,,,,,
VIF,2021,9,852.4838,651,776.451,702.93,2255.928,1799.08,3036.973,2535.284,326.567,16,28.029,329.904,64.89,64.89,105.364,208.016,2535.284,588.717,313.38,208.016,208.016,0,5,13,5,8,507.1,27.5,21.1,26,0,0,0,0,0,,,,,,,
VIF,2021,10,1396.2608,1148,1271.729,1331.38,3694.926,3599.155,4974.179,4991.002,799.509,26,42.902,634.146,144.25,144.25,179.503,391.047,4990.902,1276.982,570.45,390.947,390.947,0,5,14,5,8,998.2,50.7,35.9,48.9,0,0,0,0,0,,,,,,,
VIF,2021,11,1494.4427,1156,1361.154,1352.679,3954.745,3686.123,5323.952,5122.662,800.671,26,45.391,635.141,141.015,141.015,202.393,412.599,5123.362,1313.1,614.993,412.599,412.599,145.12,5,14,5,8,1024.7,49.3,40.5,51.6,0,0,0,0,0,,,,,,,
VIF,2021,12,1509.5476,1045,1374.911,1208.225,3994.717,3944.943,5377.763,5159.758,738.143,27,20.613,578.389,145.755,145.755,141.639,328.419,5159.058,1293.337,470.058,328.419,328.419,91.796,5,14,5,8,1031.8,47.5,28.3,41.1,0,0,0,0,0,,,,,,,
VIF,2022,1,1248,1144,1256.695,1402.778,3758.342,4302.989,5027.76,5808.813,575.919,24,46.971,727.193,136.676,136.676,205.554,389.43,5808.813,1523.631,600.084,389.43,389.43,115.722,5,14,6,10,1161.8,49.8,34.3,38.9,0,0,0,0,0,,,,,,,
VIF,2022,2,750,660,776.091,833.156,2206.524,2476.509,2990.473,3309.665,398.659,19,22.323,401.379,87.805,87.805,125.415,196.233,3309.664,564.277,321.649,196.233,196.233,69.264,5,14,6,10,661.9,31.1,20.9,19.6,0,0,0,0,0,,,,,,,
VIF,2022,3,1188,855,1218.209,1151.776,3495.134,3598.43,4725.677,4772.477,674.801,27,54.186,555.282,103.676,103.676,166.42,294.483,4772.476,817.927,460.903,294.483,294.483,82.644,5,15,6,12,954.5,37.3,27.7,24.5,0,0,0,0,0,,,,,,,
VIF,2022,4,1160,1040,1251.596,1289.397,3535.733,3547.329,4800,4884.78,722.37,24,34.764,673.893,127.325,127.325,181.657,319.812,4884.78,1010.101,501.469,319.812,319.812,128.288,6,13,6,11,814.1,51,30.3,29.1,0,0,0,0,0,,,,,,,
VIF,2022,5,932,1070,1069.918,1453.245,2919.25,3692.956,4000,5201.081,855.337,25,27.757,694.235,156.584,156.584,194.454,435.096,5201.081,749.214,629.549,435.096,435.096,167.893,6,13,6,11,866.8,52.5,32.4,39.6,0,0,0,0,0,,,,,,,
VIF,2022,6,1162,960,1263.636,1272.129,3523.57,3349.962,4800,4647.695,770.574,26,50.198,625.537,140.625,140.625,153.911,327.462,4647.695,541.001,481.373,327.462,327.462,119.681,6,12,6,11,774.6,56.8,25.7,29.8,0,0,0,0,0,,,,,,,
VIF,2022,7,1180,974,1292.804,1243.684,3471.598,3259.761,4777.49,4537.639,712.259,26,46.562,542.619,111.105,111.105,184.12,393.472,4537.639,887.081,577.591,393.472,393.472,142.319,6,12,6,11,756.3,48.8,30.7,35.8,0,0,0,0,0,,,,,,,
VIF,2022,8,1163,890,1217.714,1110.626,3269.957,3542.474,4500,4658.76,659.696,27,38.979,519.714,113.355,113.355,154.031,290.207,4656.81,875.895,444.238,290.207,290.207,96.201,7,13,6,10,665.3,44.4,25.7,29,0,0,0,0,0,,,,,,,
VIF,2022,9,1137,918,1236.354,1159.406,3343.658,3271.176,4592.53,4476.149,626.171,25,40.889,554.178,94.49,94.49,170.325,345.091,4476.15,920.98,515.417,345.091,345.091,103.365,8,14,6,11,559.5,39.2,28.4,31.4,0,0,0,0,0,,,,,,,
VIF,2022,10,1250,1181,1347.934,1531.497,3794.611,3599.927,5156.192,5170.249,911.391,26,49.226,815.261,120.015,120.015,181.816,404.004,5170.248,935.031,585.82,404.004,404.004,143.92,8,14,6,10,646.3,51.7,30.3,40.4,0,0,0,0,0,,,,,,,
VIF,2022,11,1252,1262,1469.029,1600.732,4016.099,3363.795,5500,5023.31,961.874,26,40.073,799.131,105.075,105.075,216.979,498.257,5023.31,1113.089,715.236,498.257,498.257,168.115,8,16,6,10,627.9,42.4,36.2,49.8,0,0,0,0,0,,,,,,,
VIF,2022,12,1192,1425,1413.561,1807.989,3882.249,4611.593,5310.121,6461.02,1056.408,27,36.773,894.838,174.42,174.42,233.104,510.292,6450.264,1198.402,743.396,510.292,510.292,167.945,8,16,6,10,806.3,53,38.9,51,0,0,0,0,0,,,,,,,
VIF,2023,1,810.4295,1210,1118.39,1382.77,3146.83,3489.962,4300,4895.015,409.491,19,51.178,722.817,120.825,120.825,157.739,352.494,4895.015,849.17,510.233,352.494,352.494,114.553,8,16,6,11,611.9,43,26.3,32,0,0,0,0,0,,,,,,,
VIF,2023,2,1080.3499,1247,1328.218,1569.199,3737.227,4071.761,5106.751,5704.857,874.736,24,34.836,760.24,181.06,181.06,226.671,430.29,5704.519,1322.923,662.652,429.951,429.951,139.637,8,16,6,13,713.1,49.6,37.8,33.1,0,0,0,0,0,,,,,,,
VIF,2023,3,1171.3267,1267,1440.924,1607.72,4054.349,4234.776,5540.084,5880.856,1014.944,26,40.518,843.283,189.18,189.18,188.471,384.628,5880.939,1198.582,574.618,384.628,384.628,132.89,8,16,6,12,735.1,52.5,31.4,32.1,0,0,0,0,0,,,,,,,
VIF,2023,4,1323,1129,1320.582,1356.12,4038.351,3909.588,5400,5372.983,794.813,24,30.656,756.448,163.915,163.915,168.111,344.265,5373.638,1309.551,512.376,344.265,344.265,101.663,8,16,6,10,671.7,44.6,28,34.4,0,0,0,0,0,,,,,,,
VIF,2023,5,1323,1178,1380.628,1439.002,3976.437,3956.435,5400,5430.205,864.279,26,40.018,687.659,187.245,187.245,199.425,359.424,5430.155,1199.624,558.849,359.424,359.424,122.145,8,16,6,10,678.8,50.1,33.2,35.9,0,0,0,0,0,,,,,,,
VIF,2023,6,1170.3791,1255,1438.903,1471.27,4048.662,4129.756,5532.313,5642.965,894.214,26,32.311,802.359,174.24,174.24,157.577,346.723,5645.764,1218.44,506.698,349.023,349.023,114.755,8,16,6,10,705.7,50.4,26.3,34.9,0,0,0,0,0,,,,,,,
VIF,2023,7,1170.3791,1350,1448.644,1539.726,4106.306,4063.651,5600,5686.613,964.741,26,38.387,868.085,185.975,185.975,175.363,355.152,5684.103,1050.897,527.82,355.152,355.152,114.593,8,16,6,10,710.5,56.5,29.2,35.3,0,0,0,0,0,,,,,,,
VIF,2023,8,1172.2744,1230,1362.9,1604.988,4054.349,4110.333,5459.633,5679.754,996.56,27,33.185,831.616,164.429,164.429,178.589,361.603,5679.291,987.259,540.186,361.603,361.603,118.008,8,16,6,10,709.9,55.4,29.8,36.2,0,0,0,0,0,,,,,,,
VIF,2023,9,1124.8906,1252,1403.067,1500.73,3892.944,3917.037,5339.644,5433.133,920.319,25,22.242,843.216,147.329,147.329,166.516,336.793,5433.133,1167.183,503.309,336.793,336.793,109.279,8,16,6,11,679.1,52.2,27.8,30.6,0,0,0,0,0,,,,,,,
VIF,2023,10,1227,1255,1518.224,1585.638,4434.561,4197.41,6000,5835.006,943.503,26,36.499,850.975,169.244,169.244,168.244,412.634,5835.174,1171.113,649.315,412.634,412.634,130.281,8,16,6,10,729.4,54.8,28,41.3,0,0,0,0,0,,,,,,,
VIF,2023,11,1269,1375,1559.702,1630.602,4391.792,4188.134,6000,5879.081,997.595,26,27.187,899.397,168.325,168.325,169.342,426.696,5879.081,1271.74,1181.183,426.696,426.696,132.466,8,16,6,10,734.9,55.2,28.2,42.7,0,0,0,0,0,,,,,,,
VIF,2023,12,1269,1617,1559.704,1983.34,4691.792,4796.884,6300,6843.755,1208.46,26,51.194,1145.342,186.254,186.254,195.65,468.43,6843.754,1371.961,1558.187,468.43,468.43,140.01,8,16,6,10,855.5,62.4,32.6,46.8,0,0,0,0,0,,,,,,,
VIF,2024,1,1269,1602,1562.892,1925.039,4691.792,5114.785,6300,7084.066,1177.273,26,39.495,1031.455,214.818,214.818,198.406,485.108,7084.066,1383.423,1576.734,485.108,485.108,141.015,8,16,6,10,885.5,68.8,33.1,48.5,0,0,0,0,0,,,,,,,
VIF,2024,2,1166,1151,1211.27,1263.084,3105.885,3921.212,4352.275,5218.966,701.924,26,37.774,675.125,151.153,151.153,142.926,290.776,5219.366,779.994,1013.856,290.776,290.776,91.601,8,16,6,10,652.4,45.8,23.8,29.1,0,0,0,0,0,,,,,,,
VIF,2024,3,1581,1380,1630.806,1728.661,4287.241,4470.414,5965.332,6232.742,1059.886,26,23.91,927.966,211.327,211.327,186.41,412.716,6232.342,1094.195,1390.607,412.716,412.716,73.177,8,16,6,10,779,59.9,31.1,41.3,0,0,0,0,0,,,,,,,
VIF,2024,4,1028,1137,1341.824,1357.308,4119.27,4163.842,5500,5547.166,783.546,26,26.221,741.89,192.237,192.237,146.471,276.505,5547.166,1204.008,1016.742,276.505,276.505,50.36,8,15,6,10,693.4,55.4,24.4,27.7,0,0,0,0,0,,,,,,,
VIF,2024,5,1340,1322,1397.86,1530.309,3888.983,4392.234,5327.374,5949.617,904.774,26,25.353,872.566,217.875,217.875,140.714,300.876,5948.715,768.843,1025.47,300.876,300.876,59.349,8,15,6,10,743.6,64.1,23.5,30.1,0,0,0,0,0,,,,,,,
VIF,2024,6,1306,1168,1391.21,1374.769,3870.482,4132.261,5302.03,5564.233,783.109,25,35.742,748.023,196,196,151.203,301.003,5515.769,1123.993,1015.444,301.003,301.003,55.526,8,15,6,10,689.5,56.5,25.2,30.1,0,0,0,0,0,,,,,,,
VIF,2024,7,1403,1329,1496.696,1599.026,4163.953,4101.591,5704.045,5723.69,959.987,26,20.643,877.96,206.548,206.548,134.249,382.699,5723.689,793.257,1193.515,382.699,382.699,66.675,7,15,6,10,817.7,60.5,22.4,38.3,0,0,0,0,0,,,,,,,
VIF,2024,8,1462,1213,1499.569,1407.12,4171.947,4372.932,5714.996,5817.864,812.565,25,14.706,734.751,225.405,225.405,136.42,333.649,5817.863,827.278,1104.236,333.649,333.649,61.365,7,15,6,10,831.1,60.2,22.7,33.4,0,0,0,0,0,,,,,,,
VIF,2024,9,1462,1180,1377.719,1366.565,3832.949,3575.588,5250.615,4976.976,797.395,25,23.65,774.406,209.006,209.006,117.445,276.881,4976.977,915.759,1020.267,276.881,276.881,49.998,7,15,6,10,711,53.9,19.6,27.7,0,0,0,0,0,,,,,,,
VIF,2024,10,1545,1503,1585.395,1768.411,4410.724,4490.192,6042.088,6331.98,1082.817,26,28.512,957.743,274.75,274.75,160.601,420.183,6333.48,1221.012,1430.131,420.183,420.183,69.423,7,15,6,10,904.8,67.7,26.8,42,0,0,0,0,0,,,,,,,
VIF,2024,11,1462,1443,1565.642,1874.675,4355.767,4305.046,5966.804,6208.952,1148.525,26,35.847,1034.237,218.475,218.475,164.788,450.56,6207.453,906.051,1128.332,450.56,450.56,76.715,7,15,6,10,886.8,65,27.5,45.1,0,0,0,0,0,,,,,,,
VIF,2024,12,1583,1599,1625.347,2149.312,4418.129,6140.252,6090.603,8341.9,1331.312,26,29.315,1100.912,259.653,259.653,235.805,575.963,8341.9,1662.699,1016.156,575.963,575.963,90.57,7,15,6,10,1191.7,79.8,39.3,57.6,0,0,0,0,0,,,,,,,
VIF,2025,1,1360,1400,1615.669,1796.428,4318.033,5296.895,5973.278,7179.793,1097.537,23,30.822,907.447,252.072,252.072,189.932,502.625,7172.144,1314.93,1430.639,502.625,502.625,76.471,7,15,6,10,1024.6,69.5,31.7,50.3,0,0,0,0,1708,0.9819,0.9755,0.9703,0.9206,0.9693,0.9542,0.962
VIF,2025,2,1364,1290,1504.242,1489.016,4585.595,4297.287,6126.684,5832.779,917.089,23,13.507,799.508,260.665,260.665,146.567,315.245,5825.129,869.683,1003.329,315.245,315.245,50.441,7,15,6,10,832.2,65.7,24.4,31.5,0,0,0,0,1707,0.9783,0.9675,0.9679,0.898,0.9481,0.9619,0.9536
VIF,2025,3,1427,1449,1745.049,1716.166,4408.908,4682.806,6196.702,6439.711,1092.28,26,17.567,968.004,259.874,259.874,166.009,345.451,6430.748,854.189,1126.11,345.451,345.451,54.634,7,15,5,10,918.7,71.4,33.2,34.5,0,0,0,0,1877,0.9824,0.9798,0.9808,0.9244,0.9588,0.968,0.9657
VIF,2025,4,1180,1376,1522.548,1653.742,4545.562,4820.911,6105.405,6473.947,1017.691,24,23.773,910.778,240.862,240.862,148.932,328.692,6466.298,1029.091,1289.892,328.692,328.692,52.106,7,15,5,10,923.8,64.3,29.8,32.9,0,0,0,0,1612,0.9597,0.9524,0.9494,0.8844,0.9369,0.9453,0.938
VIF,2025,5,1376,1507,1635.099,1903.053,4509.013,5051.207,6184.163,6991.591,1207.77,26,45.776,1056.82,283.73,283.73,166.068,387.99,6980.075,1024.317,1230.147,387.99,387.99,58.685,7,15,5,10,997.2,73.8,33.2,38.8,0,0,0,0,1793,0.9799,0.9772,0.97,0.9186,0.9568,0.9523,0.9591
VIF,2025,6,1219,1449,1654.932,1897.855,4527.424,5442.82,6222.893,7380.076,1214.216,25,26.364,1031.517,343.183,343.183,153.333,382.858,7380.019,1127.832,1488.582,382.858,382.858,57.897,7,15,5,10,1054.3,77.9,30.7,38.3,0,0,0,0,1801,0.9711,0.9668,0.9635,0.9032,0.9604,0.9625,0.9546
VIF,2025,7,1364.8457,1563,1779.984,2108.51,4847.839,6231.719,6671.424,8396.544,1356.417,27,39.029,1107.81,383.562,383.562,208.666,425.759,8396.967,1434.308,1766.481,421.759,421.759,67.525,7,15,5,10,1199.6,86.4,41.8,42.3,0,0,0,0,1921,0.9542,0.9497,0.9486,0.8867,0.9311,0.9251,0.9326
VIF,2025,8,1355.0328,1355,1627.699,1953.312,4784.533,5244.769,6452.102,7251.345,1235.107,26,38.35,917.475,376.293,376.293,211.342,463.115,7253.005,1211.248,1644.073,463.358,463.358,71.286,7,15,5,10,1036.1,77.7,42.3,46.3,0,0,0,0,1557,0.9518,0.9463,0.9519,0.9079,0.9354,0.9434,0.9394
VIF,2025,9,1307.73,1367,1721.59,1833.863,4643.639,4669.85,6407.399,6543.058,1122.437,24,34.442,911.668,297.376,297.376,186.899,442.823,6497.664,1489.515,1516.105,447.774,447.774,67.526,7,15,5,10,928.2,67.2,38.4,44.3,0,0,0,0,1209,0.962,0.9579,0.9587,0.9081,0.9564,0.9406,0.9473
VIF,2025,10,1497.7979,1716,1974.289,2334.345,5311.169,5724.217,7333.818,8119.404,1480.442,27,58.672,1238.337,337.88,337.88,202.866,557.432,8140.08,1730.597,2005.275,560.538,560.538,79.171,7,15,5,10,1162.9,86.1,41,55.8,0,0,0,0,1788,0.9536,0.9536,0.9383,0.8423,0.9294,0.9221,0.9232
VIF,2025,11,1494,1735,2029.153,2378.8,5299.05,5754.861,7377.907,8185.617,1497.189,25,59.118,1206.488,336.793,336.793,250.929,577.427,8183.23,1524.319,2007.29,577.427,577.427,89.501,7,15,5,10,1169,83.2,50.2,57.4,0,0,0,0,2007,0.9547,0.9552,0.9542,0.8673,0.9395,0.943,0.9356
VIF,2025,12,1745.83,1943,2170.286,2590.055,6146.192,6398.9,8369.639,9079.984,1714.025,27,36.67,1393.464,433.213,433.213,207.932,609.806,9148.107,1728.311,1998.897,609.806,609.806,91.418,7,15,5,10,1306.9,102.6,41.9,61,0,0,0,0,1943,0.9511,0.9496,0.9496,0.889,0.9399,0.9352,0.9357
VIF,2026,1,2085,1986,2473.341,2935.941,6624.472,6357.361,9157.863,9307.427,1918.978,26,28.664,1408.753,515.14,515.14,275.096,722.413,9305.524,1506.719,2231.323,722.413,722.413,104.207,7,14,5,10,1329.4,116.7,55,72.5,2257,8158.797,2708.324,5450.473,1836,0.9526,0.9505,0.9505,0.8698,0.9403,0.9385,0.9337
VIF,2026,2,1187,1402,1600.408,1908.412,4286.452,4724.104,5925.716,6652.228,1205.917,18,35.066,907.827,320.372,320.372,198.517,466.341,6654.944,995.864,1468.912,466.341,466.341,67.984,7,13,5,10,950.7,84.6,39.7,46.6,1634,6573.328,1905.738,4667.59,962,0.9636,0.9616,0.9595,0.8641,0.9564,0.9351,0.9401
VIF,2026,3,1692,1769,2001.181,2495.019,5359.861,6027.609,7409.628,8541.599,1651.556,26,36.088,1248.227,435.045,435.045,241.68,552.95,8539.05,1383.567,1884.167,552.95,552.95,72.726,7,15,5,10,1219.9,98.7,48.3,55.3,2024,8388.699,2482.563,5906.136,1799,0.9811,0.9745,0.9751,0.8882,0.967,0.9627,0.9581
VIF,2026,4,1586,1501,2024.251,2173.588,5421.651,5735.107,7495.048,7924.358,1424.215,24,40.19,981.722,541.918,541.918,216.598,408.823,7924.358,1367.77,1853.897,408.823,408.823,62.291,8,14,5,10,990.5,97.5,43.3,40.9,1718,7407.081,2091.87,5315.212,1620,0.9704,0.9704,0.9698,0.9301,0.955,0.9643,0.96
VIF,2026,5,1709,1624,2080.34,2326.16,5571.877,5751.834,7702.725,8089.749,1529.343,26,16.115,1019.813,618.428,618.428,239.933,443.626,8089.75,1028.851,1634.761,443.626,443.626,73.408,8,19,5,11,1011.2,77.8,48,40.3,1900,8172.069,2342.195,5829.875,1714,0.9667,0.9595,0.9639,0.9173,0.9476,0.9516,0.9511
VIF,2026,6,1597,1606,1975.38,2195.203,5487.303,5459.063,7510.643,7654.266,2195.203,25,19.948,750.566,630.219,630.219,263.954,530.517,7743.198,1736.387,1908.711,530.517,530.517,79.391,8,19,5,11,967.9,73,52.8,48.2,1864,8044.183,2292.765,5751.419,1951,0.9728,0.9758,0.9724,0.9278,0.9533,0.9684,0.9617
ViDT,2026,1,0,8,0,0,0,0,0,0,0,26,0,0,0,0,0,0,0,0,0,0,0,0,1,0,0,0,0,0,0,0,8,0,0,0,0,,,,,,,
ViDT,2026,2,0,5,0,0,0,0,0,0,0,26,0,0,0,0,0,0,0,0,0,0,0,0,1,0,0,0,0,0,0,0,5,0,0,0,0,,,,,,,
ViDT,2026,3,0,0,0,0,0,0,0,0,0,26,0,0,0,0,0,0,0,0,0,0,0,0,0,0,0,0,0,0,0,0,0,0,0,0,0,,,,,,,
ViDT,2026,4,0,0,0,0,0,0,0,0,0,26,0,0,0,0,0,0,0,0,0,0,0,0,0,0,0,0,0,0,0,0,0,0,0,0,0,,,,,,,
ViDT,2026,5,0,0,0,0,0,0,0,0,0,26,0,0,0,0,0,0,0,0,0,0,0,0,0,0,0,0,0,0,0,0,0,0,0,0,0,,,,,,,
ViDT,2026,6,0,0,0,0,0,11.143,0,11.143,0,26,0,0,0,0,0,0,0,0,0,0,0,0,0,0,0,0,0,0,0,0,0,0,0,0,0,,,,,,,
ViHT,2026,1,0,0,0,0,0,0,0,0,-0.463,26,0,0,0,0,0,0,0,0,0,0,0,0,0,0,0,0,0,0,0,0,0,0,0,0,0,,,,,,,
ViHT,2026,2,0,31,0,33.485,0,18.165,0,51.65,25.372,26,0,15.075,0,0,1.2,17.21,51.65,20.544,18.41,17.21,17.21,6.024,1,3,1,2,51.6,5,1.2,8.6,38,51.65,33.485,18.165,0,,,,,,,
ViHT,2026,3,696.3368,135,0,108.874,479.941,142.601,624.63,251.476,25.203,26,0,63.122,0,0,12.98,32.773,251.475,92.656,108.646,32.773,32.773,4.708,2,4,1,2,125.7,15.1,13,16.4,158,213.596,100.174,113.421,51,1,1,1,1,1,0.9608,0.9935
ViHT,2026,4,724.7399,193,147.461,195.612,479.688,449.439,627.149,645.051,112.818,26,0,133.137,0,0,18.51,43.965,642.385,322.763,168.65,43.965,43.965,7.022,2,4,1,2,321.2,32.2,18.5,22,249,680.764,204.812,475.952,97,0.9897,1,1,1,1,1,0.9983
ViHT,2026,5,730.8572,222,154.75,174.289,515.094,374.574,669.844,548.863,74.545,26,0,117.98,0,0,13.017,43.292,556.722,119.903,130.698,43.292,43.292,6.778,2,4,1,2,278.4,25.1,13,21.6,264,556.222,172.566,383.656,123,0.9756,0.9675,0.9675,0.9661,0.9756,0.959,0.9685
ViHT,2026,6,515,329,187.235,273.001,614.582,418.609,801.817,691.61,6.517,26,0,190.837,0,0,28.145,54.019,701.562,201.583,233.52,54.019,54.019,4.81,2,4,1,2,350.8,47.9,28.6,28.4,380,701.562,277.301,424.261,254,0.9606,0.9723,0.9685,0.9681,0.9723,0.972,0.969
ViTT,2024,7,0,1,0,0.872,0,0,0,0.872,-0.07,26,0,0.872,0,0,0,0,0.872,0,0,0,0,0,0,0,0,0,0.9,0,0,0,0,0,0,0,0,,,,,,,
ViTT,2024,8,0,4,0,0.935,0,2.985,0,3.92,0.935,26,0,0.935,0,0,0,0,3.92,0,0,0,0,0,0,0,0,0,3.9,0.4,0,0,0,0,0,0,0,,,,,,,
ViTT,2024,11,0,1,0,1.152,0,0,0,1.152,1.152,26,0,1.152,0,0,0,0,1.152,0,0,0,0,0,0,0,0,0,1.2,0,0,0,0,0,0,0,0,,,,,,,
ViTT,2024,12,0,0,0,0,0,0.606,0,0.606,0,26,0,0,0,0,0,0,0,0,0,0,0,0,0,0,0,0,0,0,0,0,0,0,0,0,0,,,,,,,
ViTT,2025,1,0,3,0,2.152,0,0,0,2.152,2.152,26,0,2.152,0,0,0,0,2.152,0,0,0,0,0,1,0,0,0,2.2,0,0,0,0,0,0,0,0,,,,,,,
ViTT,2025,2,0,4,0,2.296,0,0,0,2.296,2.296,26,0,2.296,0,0,0,0,1.144,0,0,0,0,0,1,0,0,0,1.1,0,0,0,0,0,0,0,0,,,,,,,
ViTT,2025,4,0,2,0,0.672,0,0,0,0.672,0.672,26,0,0.672,0,0,0,0,0.672,0,0,0,0,0,1,1,0,0,0.7,0,0,0,0,0,0,0,0,,,,,,,
ViTT,2025,5,0,0,0,0,0,0,0,0,0,26,0,0,0,0,0,0,0,0,0,0,0,0,0,1,0,0,0,0,0,0,0,0,0,0,0,,,,,,,
ViTT,2025,6,0,0,0,0,0,22.666,0,22.666,0,26,0,0,0,0,0,0,22.666,0,0,0,0,0,1,1,0,0,22.7,0,0,0,0,0,0,0,0,,,,,,,
ViTT,2025,7,0,17,0,7.671,0,0.385,0,8.056,-0.265,26,0,7.671,0,0,0,0,8.073,0,0,0,0,0,1,1,0,0,8.1,1.2,0,0,0,0,0,0,0,,,,,,,
ViTT,2025,8,0,16,0,3.153,0,13.897,0,17.05,0.252,26,0,3.153,0,0,0,0,17.05,0,0,0,0,0,1,1,0,0,17.1,2.3,0,0,0,0,0,0,0,,,,,,,
ViTT,2025,9,0,5,0,1.687,0,3.295,0,4.982,-2.392,26,0,1.687,0,0,0,0,4.982,0,0,0,0,0,2,1,0,0,2.5,0.4,0,0,0,0,0,0,0,,,,,,,
ViTT,2025,10,0,15,0,7.07,0,54.345,0,61.415,-3.124,26,0,7.07,0,0,0,0,61.415,0,0,0,0,0,2,1,0,0,30.7,0.8,0,0,0,0,0,0,0,,,,,,,
ViTT,2025,11,0,7,0,1.528,0,3.894,0,5.986,-3.694,26,0,2.092,0,0,0,0,5.986,0,0,0,0,0,2,1,0,0,3,0.5,0,0,0,0,0,0,0,,,,,,,
ViTT,2025,12,0,14,0,6.132,0,69.578,0,76.101,-0.495,26,0,6.523,0,0,0,0,73.301,0,0,0,0,0,1,1,0,0,73.3,0.6,0,0,0,0,0,0,0,,,,,,,
ViTT,2026,1,0,14,0,-7.192,0,11.011,0,18.624,-14.058,26,0,7.613,0,0,0,0,18.624,0,0,0,0,0,1,1,0,0,18.6,3.4,0,0,16,16.46,6.089,10.371,0,,,,,,,
ViTT,2026,2,0,8,0,4.221,0,16.344,0,20.565,-3.697,26,0,4.221,0,0,0,0,20.565,0,0,0,0,0,1,1,0,0,20.6,0.7,0,0,11,22.729,5.745,16.984,0,,,,,,,
ViTT,2026,3,0,11,0,2.65,0,35.269,0,38.154,-2.77,26,0,2.885,0,0,0,0,38.154,0,0,0,0,0,1,1,0,1,38.2,2.9,0,0,12,31.711,2.585,29.126,0,,,,,,,
ViTT,2026,4,1312.4789,57,0,27.834,0,10.286,1135.746,38.12,-35.09,26,0,27.834,0,0,0,0,38.719,0,0,0,0,0,2,3,0,4,19.4,9.5,0,0,66,54.032,37.604,16.429,38,1,0.9737,0.9211,0.8684,0.9211,0.9211,0.9342
ViTT,2026,5,714,174,125.652,111.375,418.24,162.021,543.892,273.396,9.521,26,1.465,81.731,0,0,2.061,26.117,284.449,49.098,42.302,29.562,29.562,0,2,5,0,4,142.2,16.6,2.6,7.4,176,280.078,109.739,170.339,188,0.9894,1,0.9681,0.9043,0.9894,0.9309,0.9637
ViTT,2026,6,416,179,102.324,140.993,335.871,266.635,438.195,407.628,140.626,26,6.235,75.643,0,0,14.374,44.742,402.026,68.474,75.098,45.397,45.397,0.443,2,5,0,4,201,14.7,13.9,10.5,195,397.527,136.951,260.576,197,1,1,0.9746,0.9086,0.9898,0.934,0.9678
